DATE,Bloomington,Champaign-Urbana,St. Louis,Chicago-Naperville-Elgin,Danville,Davenport-Moline-Rock Island,Decatur,Kankakee,Peoria,Rockford,Springfield
1/1/1990,4.1,4,5.9,6.6,8.7,5.6,6.5,7.3,5.3,7.7,4.3
2/1/1990,4.3,3.9,6.1,6.5,9.4,5.9,7.4,7.8,5.7,5.9,4.6
3/1/1990,3.8,3.2,6,6.3,9.5,5.3,6.4,6.9,5.1,5.4,3.8
4/1/1990,3.4,2.8,5.5,6.3,7.6,4.8,5.9,6.3,4.7,4.9,3.4
5/1/1990,3,2.8,5.1,6.1,7.5,4.3,5.6,5.8,4.2,4.7,3
6/1/1990,3.2,2.9,5.3,6.2,8.2,4.3,6.1,5.8,4.4,4.6,3.1
7/1/1990,3,3,5.6,6.3,8.2,4.1,6,5.9,4.2,7.2,3.1
8/1/1990,3.6,3,6.5,6.4,8.7,4.9,6.5,6.5,4.9,5.3,3.2
9/1/1990,3.4,2.7,6.1,6.3,8.4,4.2,6.3,5.7,4.5,4.7,3.2
10/1/1990,3.3,2.7,5.9,6,8.2,4.3,6.6,6,4.7,4.8,3.3
11/1/1990,2.9,2.7,6.5,5.9,9,4.5,6.2,5.9,4.5,5,3.1
12/1/1990,3.4,3.2,6.4,6.2,10,5.4,6.1,6.2,4.7,5.4,3.3
1/1/1991,4.1,4.3,7.3,7.2,9.3,5.9,7.1,7.3,5.7,6,4.4
2/1/1991,4.8,4.4,7.9,7.2,9.7,6.3,7.9,7.8,6,8.8,4.5
3/1/1991,4.7,4.1,7.5,7.3,9.5,6.5,7.3,7.6,6,9.2,4.1
4/1/1991,3.8,3.3,6.6,6.8,8.5,5.2,6.5,6.5,5.5,6,3.3
5/1/1991,3.9,3.4,6.8,7.1,8.3,5.1,7.1,6.5,5.6,6.2,3.4
6/1/1991,4.3,3.9,7.2,7.5,9.2,5.3,8.2,7,5.8,6.9,3.8
7/1/1991,3.9,4.1,6.6,7.3,8.4,5,11.5,7.3,5.4,6.7,3.8
8/1/1991,3.5,3.6,6.7,7.2,8.7,6.6,8,7.6,5.7,10.1,3.8
9/1/1991,3.4,3.3,6.4,7.2,8.1,5.6,8,7.5,5.6,6.9,3.9
10/1/1991,3.5,3.6,6.1,7.4,9,5.6,8.8,8,6,7.4,4.3
11/1/1991,4.1,3.7,6.1,8,8.7,5.8,8.5,7.6,6.2,6.9,4.4
12/1/1991,4.4,4.2,6.1,8.5,9.3,7,8.8,8.9,7.1,7.8,4.8
1/1/1992,5.1,5.3,7.5,9.3,11.2,7.9,9.9,10.2,8.2,9.2,6
2/1/1992,5.3,5.2,7.5,9.2,11.7,7.7,10.4,10.7,8.5,12.2,6.3
3/1/1992,5.1,4.9,6.9,8.8,10.6,7,9.6,9.8,8,8.7,5.8
4/1/1992,4.1,4.1,6.3,8.3,9.7,7.1,8.6,8.8,6.6,8.3,4.8
5/1/1992,4,4,6.5,8.5,9.7,5.9,8.6,8.2,6.5,8.2,4.5
6/1/1992,4.8,4.8,7.2,9,11.2,6.3,10,9.1,7,8.7,5.2
7/1/1992,4.5,4.4,6.2,8.3,10.3,5.7,9.2,8,6.5,8.2,4.7
8/1/1992,4,4.2,6.4,7.6,9.7,6.7,8.7,7.5,6.2,7.6,4.3
9/1/1992,3.3,3.5,5.8,7.2,8.6,6.5,7.6,7.1,5.7,6.9,4.2
10/1/1992,3.1,3.2,5.4,6.6,8.6,5.8,7.1,6.6,5.3,8.3,4
11/1/1992,3.7,3.6,5.5,7,9.1,5.7,7.1,6.8,5.6,6.2,4.2
12/1/1992,4,3.9,5.7,7.4,9.8,5.9,7.9,7.4,6,6.8,4.6
1/1/1993,5.2,5.1,6.8,8.5,11.9,8.1,9.5,9.2,7.5,7.8,5.9
2/1/1993,5.4,5.4,7.1,8.5,12.4,7.1,10.1,9.6,7.8,9.1,6.1
3/1/1993,5,4.9,6.6,8.2,11,6.4,9,8.5,6.9,8.3,5.5
4/1/1993,4.3,4.5,6.1,8,10.2,5.8,8.5,7.6,6.2,7.2,4.6
5/1/1993,4,4.5,6.1,8.2,9.2,5.4,8.1,7.1,5.6,7.7,4.1
6/1/1993,4.2,4.9,6.4,8.6,10.2,5.7,8.8,7.5,5.9,9.6,4.6
7/1/1993,3.6,5.1,6,7.9,9.7,5.4,8,6.9,5.3,8.9,4.5
8/1/1993,3.3,4.8,6,7.3,8.8,4.9,8.3,6.5,5.3,8.5,4.1
9/1/1993,3,4.3,5.5,7.2,8.4,4.8,8.6,6.2,6.1,8.2,4
10/1/1993,2.9,4.3,5.3,6.9,8.7,4.9,8.7,6.7,5.1,8.6,4.2
11/1/1993,2.6,3.9,4.9,6.4,7.9,4.7,7.7,6.1,4.5,6.7,3.8
12/1/1993,3.1,3.9,4.8,6.4,8.3,5,7.6,6.4,4.8,5.7,3.9
1/1/1994,4.1,4.9,5.9,7.8,9.8,6,8.9,7.7,6,6.9,5
2/1/1994,3.9,4.7,5.8,7.4,10,5.8,8.4,8,5.9,8.1,5
3/1/1994,3.6,4.3,5.5,7.1,9.1,5.4,7.8,7.4,5.3,6.5,4.5
4/1/1994,3.2,3.6,5,6.4,7.9,4.5,6.7,6.3,4.3,5.2,3.6
5/1/1994,2.8,3.2,4.6,5.8,7.6,4,6.7,5.6,4,5,3.4
6/1/1994,2.9,3.7,5,6.1,8.3,4.3,7.5,6.1,4.5,5.3,3.8
7/1/1994,2.8,3.7,4.7,6,8.4,4.1,7.6,6.1,4.3,5.2,4
8/1/1994,2.8,3.5,4.9,5.7,7.7,4.1,7.5,5.7,4.2,4.7,3.8
9/1/1994,2.4,3.2,4.5,5.2,6.6,4.1,6.7,5.5,3.8,4.3,3.8
10/1/1994,2.3,2.9,4.3,5.2,6.4,4.1,6.9,6.3,3.7,4.2,3.8
11/1/1994,2,2.7,4.3,4.8,5.7,3.9,6.2,5.7,3.2,3.6,3.4
12/1/1994,2.1,2.5,4,4.8,5.7,4.1,5.7,5.3,3.2,3.6,3.4
1/1/1995,3.2,3.4,5,5.9,7.5,5.1,6.6,6.6,4.3,4.4,4.5
2/1/1995,3.1,3.3,5.1,5.6,7.2,4.8,6.5,6.5,4.3,4.2,4.4
3/1/1995,2.7,3,4.8,5.7,6.5,4.4,6.2,6.2,3.8,4,3.9
4/1/1995,2.5,2.7,4.7,6,6.7,4.1,6.2,5.9,3.6,3.7,3.6
5/1/1995,2.8,2.7,4.6,5.5,6.2,3.8,6.5,5.5,3.4,3.4,3.5
6/1/1995,2.8,2.9,5,5.5,6.8,4,7.2,5.6,3.9,3.6,3.8
7/1/1995,2.7,2.9,4.8,5.5,7.5,3.8,7.3,5.6,3.9,3.7,4
8/1/1995,2.7,3,4.8,5.3,6.9,4,7.4,5.5,4,3.7,4
9/1/1995,2.7,2.7,4.5,5,6.6,3.9,6.8,5.2,3.7,3.5,3.9
10/1/1995,2.7,2.8,4,4.7,7.3,3.8,7.2,5.5,3.9,3.5,4
11/1/1995,2.9,2.9,3.8,4.7,7.9,4.2,6.9,5.7,4.1,3.4,4
12/1/1995,3.2,3,4,5,8.1,4.6,6.9,5.9,4.6,4.1,4.1
1/1/1996,4.1,3.6,5,6.1,8.9,5.1,7.7,6.5,6.7,6.8,4.8
2/1/1996,4,3.7,4.9,5.7,8.7,5,7.9,6.4,7,6.6,4.6
3/1/1996,3.6,3.4,4.9,5.5,7.7,4.7,7.1,5.9,6.5,4.5,4.1
4/1/1996,3.1,2.8,4.6,5.5,6.8,4,6.5,5,5.7,3.8,3.8
5/1/1996,3.1,3,4.7,5.5,7.1,3.9,6.7,5,5.7,3.8,3.8
6/1/1996,3.1,3,4.8,5.6,7.2,3.9,7.4,5.1,5.8,4,4
7/1/1996,3,3.1,4.9,5.7,8.4,3.9,7.8,5.2,5.8,4.2,4.2
8/1/1996,2.7,2.8,4.5,5.1,6.5,3.6,7.6,4.7,5.2,3.6,3.7
9/1/1996,2.5,2.8,4.2,4.9,6,3.5,7.4,4.4,4.8,3.5,3.7
10/1/1996,2.3,2.7,4,4.6,5.9,3.4,7.4,4.6,4.7,3.6,3.7
11/1/1996,2.3,2.9,4.3,4.6,6.6,3.6,7.5,4.8,4.6,3.7,3.8
12/1/1996,2.6,2.9,4.2,4.8,6.8,4,7.1,5.3,4.8,4.2,3.8
1/1/1997,3.4,3.6,4.8,5.8,7.7,4.7,7.3,6.2,5.4,6.4,4.6
2/1/1997,3.3,3.5,4.6,5.5,7.8,4.6,7.7,6.4,5.4,4.6,4.7
3/1/1997,2.9,3.1,4.3,5.4,7.1,4.1,7,6,4.7,4.3,4.2
4/1/1997,2.2,2.4,3.6,4.8,5.6,3.2,5.7,4.6,3.6,3.3,3.2
5/1/1997,2.2,2.4,3.8,4.5,5.6,3,5.6,4.3,3.2,3.3,3.1
6/1/1997,2.4,2.7,4.1,5,6.4,3.2,6.4,4.6,3.6,5.4,3.6
7/1/1997,2.2,2.8,4.4,4.8,6.1,2.9,5.9,4.2,3.2,5.1,3.3
8/1/1997,2.2,2.6,4.1,4.7,6.1,3.1,6,4.2,3.6,3.6,3.6
9/1/1997,2.1,2.5,4.2,4.6,5.9,2.9,5.6,4.4,3.4,3.4,3.5
10/1/1997,2.1,2.3,3.8,4.5,5.4,2.7,5.3,4.2,3.3,3.3,3.3
11/1/1997,2.1,2.3,3.7,4.4,5.7,2.7,5.3,4.2,3.3,3.2,3.4
12/1/1997,2.5,2.5,3.9,4.7,5.8,3.1,5.3,4.8,3.5,3.6,3.6
1/1/1998,3.2,3.2,4.6,5.4,7,4,5.9,5.9,4.4,4.6,4.4
2/1/1998,3,3.1,4.7,5,7.3,4,5.8,6.1,4.1,4.6,4.2
3/1/1998,2.8,3.2,4.7,5,6.4,3.7,5.3,5.8,3.8,4.2,4
4/1/1998,2.1,2.1,4.1,4,4.9,2.8,4.1,4.4,2.5,3.1,2.7
5/1/1998,2,2.2,4.1,4,5.2,2.5,4.2,4.3,2.5,3.1,2.8
6/1/1998,2.3,2.7,4.6,4.8,6.2,3,5.3,5.1,3,3.6,3.4
7/1/1998,1.8,2.5,4.7,4.2,5.2,2.4,4.3,4.4,2.5,4.6,2.8
8/1/1998,2,2.5,4.4,4.5,5.8,3,5,5.1,3,3.5,3.2
9/1/1998,1.9,2.3,3.8,4.5,5.5,2.7,4.7,5.9,3,3.6,3.2
10/1/1998,1.8,2.3,3.6,4.3,5.6,2.8,4.5,5.7,3.2,3.8,3.4
11/1/1998,1.8,2.2,3.4,4.2,5.3,3,4.2,5,3,3.8,3.2
12/1/1998,1.8,2.3,3.3,4.1,5,3.3,3.9,4.9,2.9,4.3,3.1
1/1/1999,2.3,2.7,3.6,4.7,5.5,5.2,4.1,5.8,3.8,4.3,3.6
2/1/1999,2.4,2.9,3.8,4.6,5.8,5.1,4.3,6.1,4,4.7,3.7
3/1/1999,2.1,2.4,3.5,4.2,5,4.2,3.7,5.2,3.4,4,3.2
4/1/1999,1.7,2,3.6,4.4,4.5,3.6,3.6,4.5,3,3.6,2.8
5/1/1999,1.9,2,3.5,4.3,4.5,4.6,3.8,4.2,3,3.5,2.8
6/1/1999,2.3,2.7,4.2,5,5.5,3.9,4.8,5.1,3.7,4.1,3.4
7/1/1999,2.2,2.7,4,4.9,5.5,4.5,4.5,4.6,4.6,5.4,3.2
8/1/1999,2.4,2.5,3.8,4.5,6,4.6,5.2,4.8,3.7,4,3.3
9/1/1999,2.3,2.3,3.4,4.2,5.4,4.1,4.6,4.5,3.5,3.9,3.3
10/1/1999,2.4,2.1,2.8,4,5.4,3.5,4.4,4.5,3.4,3.7,3.3
11/1/1999,2.4,2.1,3,4,5.3,3.4,4.3,4.4,4,3.9,3.2
12/1/1999,2.6,2.2,3.1,4,5.3,3.8,4.4,4.6,3.7,4.2,3.3
1/1/2000,3.7,3.6,3.5,4.6,5.9,5.3,5.2,5.2,4.6,4.8,3.9
2/1/2000,4,3.8,3.9,4.7,6.1,5.1,5.4,5.4,4.8,5,4.2
3/1/2000,3.6,3.5,3.9,4.6,5.6,4.2,5.1,4.8,4.2,4.6,3.7
4/1/2000,2.7,2.7,3.1,4.1,4.8,3.3,3.9,3.6,3.2,3.5,2.8
5/1/2000,3,3,3.4,4.2,5.1,3.4,4.2,3.8,3.4,3.7,3
6/1/2000,3.4,3.5,3.6,4.6,5.4,3.7,4.8,4.1,3.7,4,3.4
7/1/2000,3.4,3.5,3.7,4.6,5.7,3.3,4.9,4.1,3.9,4.1,3.5
8/1/2000,3.5,3.5,4,4.4,5.8,3.6,5.1,4.3,4,5.5,3.4
9/1/2000,3,3,3.8,3.9,5,3.4,4.4,3.7,3.6,3.8,3.1
10/1/2000,2.8,2.8,3.6,3.7,5.2,3.8,4.3,3.6,3.6,3.8,3
11/1/2000,3.2,3.1,3.6,4.1,5.3,3.6,5.3,4,4.2,4.2,3.4
12/1/2000,3.2,3.2,4,4.3,5.6,3.8,5.5,4.4,4.2,4.4,3.5
1/1/2001,3.9,4,4.9,5.3,7.2,4.9,6.4,5.6,5.1,5.3,4.4
2/1/2001,4,3.9,4.9,5.3,7.1,5.1,6.3,5.9,5.2,5.8,4.3
3/1/2001,3.7,3.8,4.6,5.5,6.7,5.1,6.3,5.5,5.1,5.7,4.1
4/1/2001,3.2,3.3,4.1,5.3,5.7,3.9,5.4,4.6,4.2,4.9,3.4
5/1/2001,3,3.2,3.8,4.9,5.3,3.8,5,4.2,4.2,4.6,3.2
6/1/2001,3.4,3.7,4.6,5.6,6,3.9,5.7,4.7,4.3,5.2,3.7
7/1/2001,3.1,3.6,4.4,5.4,6.2,3.6,5.5,4.5,4.1,5.4,3.5
8/1/2001,3.4,3.8,4.8,5.6,6.8,4,6.1,5.2,4.6,6.3,3.9
9/1/2001,2.9,3.3,4.4,5.2,5.8,4,5.2,4.5,4.1,5.8,3.5
10/1/2001,3,3.3,4.8,5.4,6.5,4.2,6,4.8,4.5,6.2,3.7
11/1/2001,3.1,3.5,4.8,5.8,6.8,4.5,6.6,5.3,4.7,6.6,3.9
12/1/2001,3.4,3.8,4.9,6.2,7,5.7,7.1,5.7,5.1,7,4.2
1/1/2002,4.2,4.6,5.7,7.3,8.1,6.4,8.6,7.3,6,7.8,4.9
2/1/2002,4.2,4.4,5.6,7.1,8,5.8,8.1,7.1,6.1,7.8,4.7
3/1/2002,4.1,4.1,5.7,7.1,7.3,5.7,8.2,6.5,5.9,7.4,4.5
4/1/2002,3.6,3.8,5.3,7.1,6.7,5,7,5.9,4.9,6.8,4.1
5/1/2002,3.6,3.9,5.2,6.7,6.6,4.7,6.9,5.6,4.7,6.4,4.1
6/1/2002,4.3,4.7,5.9,7.4,7.8,5,8,6.6,5.4,7,4.8
7/1/2002,4.2,4.6,6,7.3,7.7,4.8,8,6.7,5.4,7.1,4.8
8/1/2002,4,4.4,5.5,6.8,7.6,4.8,8.1,6.6,5.3,7,4.6
9/1/2002,3.4,3.7,5,6.2,6.4,4.3,7,5.9,4.7,6.3,4.1
10/1/2002,3.5,3.8,4.8,6.3,6.7,5,7,5.9,5.3,6.7,4.4
11/1/2002,3.6,3.8,5.1,6.5,7.1,4.5,7.2,6.4,5.4,7,4.6
12/1/2002,3.8,3.9,5.2,6.5,7,5.1,7.3,6.8,5.6,7.4,4.6
1/1/2003,4.5,4.8,5.9,7.3,8.4,6.5,8.3,8,6.6,8.4,5.6
2/1/2003,4.6,4.7,5.8,7.1,8.7,6.1,8.5,8.2,6.6,8.8,5.7
3/1/2003,4.5,4.4,5.7,7,8,5.8,7.9,7.8,6.3,8.3,5.3
4/1/2003,3.7,3.8,5.3,6.6,6.8,5,6.7,6.4,5.4,7.3,4.5
5/1/2003,3.9,4,5.8,6.6,7.2,5,6.9,6.4,5.6,7.5,4.8
6/1/2003,4.8,5.1,6.6,7.7,8.4,5.5,8.3,7.3,6.5,8.3,5.8
7/1/2003,4.7,5.2,6.2,7.2,8.4,5.3,7.8,7.2,6.1,8.1,5.6
8/1/2003,4.5,5,6.3,7,8.5,5.5,8.3,7.5,6.3,8.4,5.8
9/1/2003,4.2,4.8,6,6.7,8.1,4.9,7.8,7.1,5.9,7.9,5.5
10/1/2003,3.9,4.3,5.5,6.3,7.8,5.5,7.3,7.1,5.7,7.8,5.2
11/1/2003,4,4.3,5.5,6.3,8.1,5.6,7.1,7.2,5.7,7.8,5.4
12/1/2003,4.1,4.1,5.4,6.1,7.9,5.4,6.9,7.5,5.7,7.8,5.2
1/1/2004,4.8,4.9,6.1,7,9.2,6.5,7.8,9,6.3,8.7,5.9
2/1/2004,4.6,4.6,6.1,6.7,9.1,5.8,7.4,8.5,6.1,8.4,5.8
3/1/2004,4.7,4.8,6.1,6.8,8.7,5.7,7.5,8.3,5.9,8.3,5.6
4/1/2004,3.9,3.9,5.5,6.2,7.6,4.8,6.3,6.9,4.9,6.8,4.7
5/1/2004,4.2,4.1,5.7,6.1,7.6,4.8,6.4,6.6,5,6.8,4.7
6/1/2004,4.7,4.7,6.4,6.6,8.2,5.1,7.1,7.3,5.5,7.2,5.3
7/1/2004,4.6,4.9,6.6,6.4,7.8,4.7,6.9,6.9,5.3,7.5,5.1
8/1/2004,4.4,4.6,6.4,6.1,7.7,4.8,6.9,7,5.3,7.1,5
9/1/2004,4.1,4.2,6,5.8,6.8,4.5,6.1,6.4,4.8,6.4,4.7
10/1/2004,4.7,4.1,5.8,5.8,7.2,4.7,6.2,6.7,5.1,6.6,4.9
11/1/2004,4.7,4.2,5.9,5.9,7.2,4.7,6.2,6.7,5.2,6.5,4.9
12/1/2004,4.6,4.1,5.8,5.9,7.2,4.8,6.2,7,5.1,6.7,4.9
1/1/2005,5,4.6,6.3,6.5,7.5,5.5,6.6,7.8,5.4,7.3,5.2
2/1/2005,5.2,4.7,6.4,6.8,7.7,5.4,6.7,8,5.7,7.5,5.4
3/1/2005,4.5,4.1,6,6.2,6.4,4.8,5.9,7,4.9,6.6,4.6
4/1/2005,4,3.7,5.4,6.1,5.8,4.1,5.5,5.9,4.3,5.8,4.1
5/1/2005,3.9,3.7,5.4,6,5.8,4.1,5.6,5.8,4.3,5.7,4.1
6/1/2005,4.3,4.3,5.7,6.4,6.2,4.5,6.2,5.9,4.6,6,4.5
7/1/2005,4.2,4.5,5.8,6,6.3,4.2,6.1,5.8,4.6,6.1,4.4
8/1/2005,4,4.3,5.1,5.5,6.1,4.2,6.1,5.9,4.6,6,4.3
9/1/2005,3.9,4.2,5.2,5.5,5.9,4.5,5.9,6,4.5,6,4.4
10/1/2005,3.6,3.7,4.9,5.1,5.7,4.3,5.7,5.8,4.2,6.5,4.2
11/1/2005,3.9,4,5.4,5.2,6.1,4.4,6.2,6.1,4.5,6.7,4.5
12/1/2005,3.9,3.9,4.8,5.1,5.9,4.6,6.2,6.3,4.5,6.5,4.5
1/1/2006,4.1,4.3,5.3,5.3,6.2,5,6.1,6.9,4.7,6.6,4.8
2/1/2006,4.1,4.1,5.7,5.3,6.3,5,6.1,6.9,4.7,6.7,4.8
3/1/2006,3.8,3.8,5.2,4.9,5.9,4.6,5.7,6.5,4.3,6.1,4.4
4/1/2006,3.4,3.5,4.6,4.8,5.7,3.9,5.3,5.7,3.8,5.3,4.1
5/1/2006,3.3,3.4,4.6,4.4,5.5,3.7,5.2,5.4,3.6,4.9,3.9
6/1/2006,3.7,4,5.1,4.8,5.8,4,5.6,5.4,3.9,5.1,4.2
7/1/2006,3.8,4.3,5.3,4.8,6.1,3.8,5.7,5.4,4.1,5.3,4.3
8/1/2006,3.6,4.1,5.5,4.6,6,4,5.6,5.5,4,5.2,4.1
9/1/2006,3,3.3,4.7,4.1,5,3.9,4.6,4.7,3.4,4.5,3.7
10/1/2006,2.7,2.9,4.5,3.7,4.4,3.7,4.1,4.2,3.1,4.1,3.4
11/1/2006,2.9,3.2,4.7,3.9,4.9,3.6,4.4,4.7,3.4,4.5,3.7
12/1/2006,3.1,3.2,4.7,4.2,5,4,4.7,5.3,3.7,5,4
1/1/2007,3.9,4.3,5.5,5.2,6.2,4.8,5.8,6.8,4.6,6.2,4.7
2/1/2007,3.9,4.1,5.5,5.1,6.1,4.8,5.7,6.7,4.6,6,4.7
3/1/2007,3.4,3.6,5,4.5,5.4,4.3,5.1,6.1,4,5.6,4
4/1/2007,3.2,3.4,4.5,4.7,5.2,3.9,4.8,5.7,3.7,5.1,3.8
5/1/2007,3.3,3.5,4.7,4.6,5.4,3.6,5,5.4,3.6,5,3.9
6/1/2007,4,4.5,5.5,5.3,6.2,4.1,5.9,5.9,4.3,5.5,4.5
7/1/2007,4.1,4.6,5.7,5.3,6.5,4,6.1,6,4.6,5.9,4.7
8/1/2007,4.1,4.6,5.7,5,6.7,4,6.1,6.2,4.5,5.9,4.6
9/1/2007,3.9,4.4,5.4,4.7,6.3,4.3,5.6,6.1,4.4,5.7,4.5
10/1/2007,3.7,4.1,5.2,4.6,6,4.2,5.5,6,4.2,8.2,4.3
11/1/2007,3.9,4.4,5.2,4.7,6.3,4,5.5,6.5,4.5,6,4.5
12/1/2007,4.3,4.7,5.5,5.2,7.1,4.6,6.1,7.5,5,7,4.9
1/1/2008,4.9,5.4,6.1,5.8,7.4,5.2,6.4,8.6,5.5,7.7,5.4
2/1/2008,4.8,5.1,6,5.7,7.2,5.1,6.4,8.2,5.4,7.6,5.2
3/1/2008,4.4,4.6,6.1,5.5,6.9,4.8,6.1,7.8,5,7.9,4.9
4/1/2008,3.9,4.1,5.1,5.2,6,4.2,5.4,6.8,4.3,6.9,4.3
5/1/2008,4.7,5.2,5.9,5.9,7,4.5,6.4,7.4,4.9,7.7,5.2
6/1/2008,5.4,6.2,6.3,6.6,8,5,7.2,8,5.5,8.2,5.9
7/1/2008,5.3,6,7,6.5,7.9,4.9,7.2,8,5.6,8.4,5.9
8/1/2008,5.6,6.4,7.2,6.5,8.3,5.2,7.7,8.6,5.9,9,6.2
9/1/2008,5,5.5,6.7,6,7.9,5,6.9,8.2,5.4,8.4,5.8
10/1/2008,5.2,5.8,6.8,6.2,8.1,5.2,7,8.7,5.3,9,5.8
11/1/2008,5.1,5.8,7.2,6.4,8.6,5.4,7,9.2,5.5,9.4,5.8
12/1/2008,5.5,6.1,7.8,7.4,9.2,6.3,7.7,10.5,6.2,12.5,6.2
1/1/2009,6.3,7.1,9.2,8.7,10.6,7.4,9.2,11.6,7.4,13.8,6.8
2/1/2009,7,8.1,9.7,9.6,11.3,8,10.1,12.3,9.5,14.6,7.4
3/1/2009,7,7.6,9.8,9.8,11.4,8.4,10.1,12.4,9.5,14.4,7.1
4/1/2009,6.7,7,8.6,9.7,10.5,7.7,10.3,11.3,10,13.4,6.6
5/1/2009,6.9,7.7,9.4,10.1,11,7.9,10.8,11.4,9.9,15,6.8
6/1/2009,7.7,9.2,10.3,10.8,11.9,8.5,12.1,12,10.7,15.7,7.5
7/1/2009,7.9,9.3,10.4,10.8,12.1,8.3,14.2,12.1,13.1,16.3,7.8
8/1/2009,7.8,9.4,10.4,10.6,12.3,8.5,12.3,12.4,11.3,15.7,7.7
9/1/2009,7.6,8.7,10.2,10.4,11.8,8.3,12,12.3,11.2,15.4,7.8
10/1/2009,7.8,8.9,10,10.6,11.9,9,12.2,12.7,11.7,15.6,8
11/1/2009,7.6,8.9,10,10.4,11.6,8.5,11.9,12.8,10.7,15.1,7.8
12/1/2009,7.8,8.9,10,11,12.2,9.2,12.4,13.6,11.2,16,8.1
1/1/2010,8.4,9.7,10.4,12.2,13.8,10.2,13.1,15,12.2,17.4,9.4
2/1/2010,8.3,9.3,10.5,11.9,13.6,10.1,12.9,14.7,12.2,16,9.3
3/1/2010,7.8,8.5,10.2,11.6,12.6,9.6,12.6,14.4,11.7,16,8.8
4/1/2010,6.9,7.7,9.5,10.8,11.5,8.2,11.3,12.5,10.1,14.2,7.7
5/1/2010,6.8,7.6,9.2,10.3,11.3,7.8,10.8,11.9,9.6,13.5,7.3
6/1/2010,7.3,8.6,9.6,10.7,11.6,7.8,11.2,11.9,9.8,13.4,7.8
7/1/2010,7.4,8.7,9.8,10.8,11.5,7.7,11.1,12.5,9.7,14.1,7.9
8/1/2010,7.2,8.6,9.6,10.3,11.2,7.6,10.8,12,9.5,13.2,7.5
9/1/2010,6.5,7.6,9.1,9.6,10.1,7.2,9.8,11.2,8.8,13.2,7.1
10/1/2010,6.5,7.6,8.9,9.5,10.1,7.4,9.7,11.1,8.6,12.7,7
11/1/2010,6.6,7.6,9.1,9.6,10.5,7.4,10.1,11.5,8.9,12.4,7.2
12/1/2010,6.4,7.4,8.9,9.4,10.1,7.6,9.9,11.4,8.6,12,7
1/1/2011,7.1,8,9.3,10.3,10.6,8.3,10.6,12.4,9.3,12.5,7.8
2/1/2011,6.8,7.7,9.3,10.1,10.4,8.1,10.4,12.4,9.2,12.3,7.8
3/1/2011,6.4,7.1,8.8,9.8,9.8,7.7,9.9,12,8.7,11.9,7.3
4/1/2011,5.8,6.6,8.1,9.4,9,6.7,9.1,11,7.8,10.9,6.6
5/1/2011,6.3,7.1,8.2,9.7,9.4,6.8,9.3,11.1,8,11,6.8
6/1/2011,7.3,8.5,8.8,10.6,10.3,7.2,10.3,11.8,8.8,11.8,7.7
7/1/2011,7.4,8.6,8.6,10.6,10.5,7.2,10.5,12,9,12.1,8
8/1/2011,7.4,8.4,8.8,10.5,10.6,7.3,10.7,12,9,12.9,7.9
9/1/2011,7.1,7.8,8.4,9.9,10,7.1,10,11.6,8.7,12.9,7.8
10/1/2011,6.8,7.6,8,9.7,10.2,7.4,9.8,11.3,8.5,11.8,7.7
11/1/2011,6.4,7,7.6,9.1,9.3,7.2,9.3,10.8,8,11.1,7.3
12/1/2011,6.3,7,7.6,9.3,9.4,7.4,9.3,11,8,11.2,7.3
1/1/2012,7.1,7.6,7.9,9.8,9.9,8.2,10,11.9,8.6,11.7,8
2/1/2012,6.7,7.2,8.1,9.7,9.7,7.9,9.7,11.8,8.4,11.4,7.8
3/1/2012,6.3,6.7,7.8,9.2,8.9,7.2,9.4,11.1,7.7,10.8,7.2
4/1/2012,5.7,6.1,6.8,8.6,8.3,6.4,8.6,9.8,6.9,9.7,6.4
5/1/2012,6.2,6.6,7,8.8,8.5,6.5,9.4,10.1,7.2,10.2,6.9
6/1/2012,7.1,8,7.5,9.6,9.3,6.9,10.1,10.5,7.7,10.5,7.6
7/1/2012,7.3,8.1,7.8,9.7,10,6.9,10.6,10.9,8,10.8,8
8/1/2012,6.8,7.8,7.5,9.3,9.8,6.7,10.4,10.6,7.8,10.6,7.7
9/1/2012,6.2,6.6,6.8,8.4,8.9,6.3,9.3,9.8,7.2,9.8,7.1
10/1/2012,6.3,6.7,6.8,8.7,9,6.7,9.5,9.9,7.7,10,7.1
11/1/2012,6,6.5,6.7,8.4,9.3,6.3,9.8,9.9,7.8,9.9,7.1
12/1/2012,6.4,6.9,7,9.1,9.9,7,11.4,10.6,8.5,10.7,7.6
1/1/2013,7.5,8.2,8.1,10.2,11.2,8.2,13.1,12.5,10.1,12.1,8.8
2/1/2013,7,7.5,7.8,9.9,10.6,7.7,11.4,11.8,9.4,11.4,8.3
3/1/2013,6.6,6.9,7.4,9.3,10.1,7.3,10.7,11.3,8.8,10.9,7.7
4/1/2013,5.9,6.2,6.4,8.8,8.9,6.6,10.2,10.1,8.5,9.8,6.8
5/1/2013,6.4,6.9,7,8.9,9.9,6.8,10.4,10.2,8.6,10.1,7.1
6/1/2013,7.4,8.1,7.5,9.7,11,7,11.9,10.9,9.2,10.6,7.8
7/1/2013,7.3,7.9,7.6,9.3,11.1,6.8,12,10.6,9.3,10.5,7.7
8/1/2013,6.9,7.7,7.3,9.1,11.2,6.6,11.5,10.2,9.1,10.3,7.3
9/1/2013,6.5,6.9,6.8,8.5,10.9,7,11.2,10,9,10.1,7.2
10/1/2013,6.7,7.1,6.6,8.7,11.1,7,11.3,9.9,9,10.1,7.3
11/1/2013,6.3,6.7,6.4,8.2,10.8,6.4,10.9,9.7,8.6,9.8,7.1
12/1/2013,6.1,6.5,6.5,8.1,10.7,6.5,10.8,9.5,8.4,9.7,6.9
1/1/2014,6.5,6.9,7.3,8.7,10.7,7.5,11.1,10.3,8.8,10.9,7.3
2/1/2014,6.6,6.9,7.7,8.8,10.6,7.2,10.6,10.1,8.9,9.8,7.4
3/1/2014,6.3,6.4,7.3,8.2,10,6.9,10.1,9.7,8.4,9.6,7
4/1/2014,4.9,5,5.9,7,8,5.6,8.2,7.9,6.7,8.2,5.3
5/1/2014,5.3,5.5,6.2,7,8.4,5.8,8.3,7.9,6.7,7.8,5.6
6/1/2014,5.7,6,6.4,7.2,8.4,5.9,8.4,7.9,6.9,7.8,5.8
7/1/2014,5.9,6.3,6.7,7.3,8.6,6.2,8.5,7.9,7.1,8.3,6.1
8/1/2014,5.5,6.2,6.3,7,8.4,5.8,8.1,7.7,6.8,7.9,5.9
9/1/2014,4.9,5.1,5.6,6.3,7.2,5.8,7.1,6.8,6.1,7,5.3
10/1/2014,4.8,5.1,5.1,6.2,7.1,5.6,6.9,6.6,6,6.9,5.3
11/1/2014,4.8,5,5.2,6.1,7.1,5.4,7,6.8,6.1,7,5.4
12/1/2014,4.7,4.8,5.1,5.9,6.8,5.7,6.8,6.7,6,6.8,5.2
1/1/2015,5.3,5.8,5.8,6.9,7.8,6.5,7.9,8,7.2,7.8,6
2/1/2015,4.9,5.1,5.8,6.5,7.3,6,7.2,7.4,6.6,7.1,5.7
3/1/2015,4.6,4.8,5.7,6,7,5.8,7,7.1,6.4,7,5.4
4/1/2015,4,4.2,5.1,5.6,6.1,5,6,6.1,5.4,6.1,4.5
5/1/2015,4.5,4.6,5.3,5.9,6.5,5.3,6.5,6.4,5.8,6.4,4.8
6/1/2015,5,5.3,5.3,6.2,7,5.3,7,6.6,6.2,6.6,5.1
7/1/2015,5.1,5.3,5.4,6.1,7.3,5.4,7.5,6.7,6.7,7.7,5.3
8/1/2015,4.8,5.2,4.9,5.8,7.2,5.3,7,6.5,6.4,6.8,5.1
9/1/2015,4.5,4.6,4.4,5.3,6.8,5.1,6.6,6.3,6,6.6,4.9
10/1/2015,4.8,5,4.3,5.6,7,5.6,6.7,6.6,6.6,6.8,5.2
11/1/2015,4.9,5.2,4.3,5.6,7.3,5.5,6.8,6.8,6.6,6.9,5.3
12/1/2015,5.3,5.3,4.3,5.8,7.5,5.8,7,7.1,7,7.1,5.4
1/1/2016,5.8,5.9,4.9,6.5,8.2,6.5,7.6,7.9,7.7,7.7,6
2/1/2016,5.7,5.5,5,6.4,7.8,6.2,7.3,7.5,7.4,7.4,5.8
3/1/2016,5.6,5.4,5,6.2,8,6,7.2,7.4,7.3,7.4,5.7
4/1/2016,4.9,4.7,4.5,5.8,6.9,5.3,6.3,6.3,6.4,6.4,4.7
5/1/2016,4.6,4.5,4.2,5.3,6.5,4.9,5.9,5.8,5.9,5.9,4.3
6/1/2016,5.3,5.3,4.9,6,7.2,5.4,6.7,6.1,6.4,6.4,4.8
7/1/2016,5.2,5.1,5.1,5.8,7.3,5.3,6.7,6.2,6.5,6.4,4.9
8/1/2016,5.2,5.2,5.2,5.7,7.4,5.2,6.7,6.3,6.4,6.6,4.8
9/1/2016,4.9,4.7,4.7,5.5,7,5.4,6.4,6.1,6.3,6.5,4.7
10/1/2016,4.8,4.8,4.3,5.5,6.8,5.2,6.2,6,6.1,6.3,4.6
11/1/2016,4.5,4.5,3.8,5,6.6,4.7,5.9,5.7,5.9,5.9,4.4
12/1/2016,4.8,4.7,4,5.1,7.2,5.2,6.2,6.5,6.6,6.5,4.8
1/1/2017,5.5,5.6,4.4,5.8,7.9,6.1,6.9,7.5,7.6,10.1,5.7
2/1/2017,4.8,4.8,4.4,5.4,7.3,5.4,6.3,6.7,6.8,9.2,5.1
3/1/2017,4.4,4.5,4.1,4.7,6.6,4.9,5.7,6,6.1,8.5,4.6
4/1/2017,3.6,3.6,3.6,4.5,5.7,4.1,4.8,4.9,5.1,6.8,3.9
5/1/2017,3.7,3.8,3.6,4.4,5.8,4,4.7,4.8,4.9,5.9,3.8
6/1/2017,4.3,4.5,3.8,5.1,6.5,4.3,5.6,5.2,5.3,5.6,4.2
7/1/2017,4.4,4.6,4.1,5.1,6.9,4.2,5.7,5.2,5.4,5.7,4.4
8/1/2017,4.3,4.7,4.2,5.3,7.1,4.4,6,5.4,5.5,5.8,4.5
9/1/2017,3.7,3.8,3.4,4.6,6.1,4.2,5.2,4.8,4.9,5.2,4.1
10/1/2017,3.8,4,2.9,4.5,6,4,5.1,4.8,4.8,5,4.1
11/1/2017,3.8,4,3.3,4.4,6,3.8,5.2,5.1,4.8,5,4.1
12/1/2017,3.9,3.9,3.4,4.4,6.1,4.3,5.5,5.6,5.1,5.2,4.2
1/1/2018,4.6,4.8,3.8,5,6.8,5.1,5.8,6.3,5.9,5.8,4.8
2/1/2018,4.2,4.3,3.9,4.8,6.6,4.8,5.6,6.2,5.7,5.6,4.6
3/1/2018,4.2,4.1,3.8,4.1,6.3,4.5,5.6,5.9,5.4,5.4,4.4
4/1/2018,3.5,3.6,3.1,3.7,5.4,3.7,4.8,4.9,4.5,4.6,3.6
5/1/2018,3.5,3.8,3,3.5,5.4,3.5,4.6,4.7,4.4,4.5,3.5
6/1/2018,4.6,4.9,3.7,4.5,6.3,4.1,5.9,5.4,5.2,5.3,4.4
7/1/2018,4.5,4.8,3.7,4.3,6.3,3.9,5.8,5.3,5.1,5.2,4.3
8/1/2018,4.3,4.6,3.5,4.1,6.2,4,5.6,5.2,5,5.4,4.4
9/1/2018,3.9,4,2.9,3.7,5.5,3.9,5,4.8,4.6,4.8,4
10/1/2018,4.2,4.3,2.8,3.9,5.7,4,5.4,5.1,4.8,5.3,4.2
11/1/2018,3.9,4,2.8,3.6,5.5,3.7,5.3,5,4.7,9,4.1
12/1/2018,4.5,4.2,3.3,4,6.3,4.6,6.1,6.2,5.6,6.1,4.9
1/1/2019,5.2,5.2,4,4.9,6.6,5.4,6.7,7.1,6.5,6.8,5.5
2/1/2019,4.5,4.4,3.8,4.5,5.9,4.8,5.9,6.3,5.8,6.1,4.9
3/1/2019,4.4,4.3,3.7,4.2,5.7,4.8,5.8,6,5.5,6,4.7
4/1/2019,3.3,3.3,2.8,3.6,4.3,3.6,4.5,4.4,4.1,4.5,3.5
5/1/2019,3.2,3.2,3,3.4,4.2,3.5,4.3,4,3.8,5.1,3.3
6/1/2019,3.8,3.9,3.4,4.1,4.8,3.9,5.2,4.4,4.3,5.5,3.8
7/1/2019,4.1,4.2,3.6,4.1,5.4,3.9,5.6,4.7,4.6,6.7,4
8/1/2019,3.8,3.9,3.5,3.8,5.5,4.1,5.4,4.6,4.6,5.9,4
9/1/2019,3.5,3.3,2.8,3.3,4.7,3.9,4.9,4.1,4.2,5.2,3.5
10/1/2019,3.4,3.4,2.9,3.3,4.7,3.8,4.9,4.2,4.2,5,3.5
11/1/2019,3.2,3.2,3.1,3.2,4.7,4,4.8,4.8,4.2,5.3,3.5
12/1/2019,3.3,3.2,3.3,3.2,5.2,4.4,5.2,5.4,4.7,5.8,3.8
1/1/2020,3.4,3.4,4,3.8,4.9,4.7,5.1,5.4,5,8,3.9
2/1/2020,2.8,2.7,3.3,3.6,4.1,4,4.3,4.5,4.2,4.8,3.2
3/1/2020,2.6,2.4,3.5,4.5,3.6,4,4.2,4,3.8,4.4,2.9
4/1/2020,12.9,10.9,11,17.3,17,15.3,15.7,15.7,17.7,22.2,14.2
5/1/2020,11.1,10.1,11.3,15.3,14.1,14.4,15,13.5,15.4,19.5,13.1
6/1/2020,10.5,10.2,9.7,15.5,12.3,11.5,14.4,12,13.5,15.9,11.7
7/1/2020,8.1,8,8.2,12.1,10.1,9.4,12.2,9.7,10.8,14.1,9.2
8/1/2020,7.4,7.5,8,11.8,9.5,8.5,11.3,9.1,9.8,11.5,8.7
9/1/2020,6.3,6,5.5,10.5,8.4,7.1,10.1,8.1,8.5,10,7.7
