,Date,Average Temperature (C),State,Country,year,Average Temperature (F)
125365,1875-01-01 00:01:00,15,Florida,United States,1875,59
125366,1875-01-01 00:02:00,15,Florida,United States,1875,59
125367,1875-01-01 00:03:00,18,Florida,United States,1875,65
125368,1875-01-01 00:04:00,19,Florida,United States,1875,66
125369,1875-01-01 00:05:00,23,Florida,United States,1875,74
125370,1875-01-01 00:06:00,26,Florida,United States,1875,78
125371,1875-01-01 00:07:00,27,Florida,United States,1875,82
125372,1875-01-01 00:08:00,26,Florida,United States,1875,79
125373,1875-01-01 00:09:00,25,Florida,United States,1875,77
125374,1875-01-01 00:10:00,20,Florida,United States,1875,69
125375,1875-01-01 00:11:00,19,Florida,United States,1875,67
125376,1875-01-01 00:12:00,16,Florida,United States,1875,62
125377,1876-01-01 00:01:00,17,Florida,United States,1876,62
125378,1876-01-01 00:02:00,17,Florida,United States,1876,63
125379,1876-01-01 00:03:00,17,Florida,United States,1876,62
125380,1876-01-01 00:04:00,20,Florida,United States,1876,69
125381,1876-01-01 00:05:00,23,Florida,United States,1876,74
125382,1876-01-01 00:06:00,26,Florida,United States,1876,79
125383,1876-01-01 00:07:00,27,Florida,United States,1876,81
125384,1876-01-01 00:08:00,27,Florida,United States,1876,80
125385,1876-01-01 00:09:00,26,Florida,United States,1876,78
125386,1876-01-01 00:10:00,20,Florida,United States,1876,69
125387,1876-01-01 00:11:00,17,Florida,United States,1876,62
125388,1876-01-01 00:12:00,11,Florida,United States,1876,53
125389,1877-01-01 00:01:00,15,Florida,United States,1877,59
125390,1877-01-01 00:02:00,15,Florida,United States,1877,59
125391,1877-01-01 00:03:00,16,Florida,United States,1877,62
125392,1877-01-01 00:04:00,20,Florida,United States,1877,68
125393,1877-01-01 00:05:00,22,Florida,United States,1877,72
125394,1877-01-01 00:06:00,26,Florida,United States,1877,80
125395,1877-01-01 00:07:00,27,Florida,United States,1877,81
125396,1877-01-01 00:08:00,27,Florida,United States,1877,81
125397,1877-01-01 00:09:00,26,Florida,United States,1877,79
125398,1877-01-01 00:10:00,22,Florida,United States,1877,73
125399,1877-01-01 00:11:00,18,Florida,United States,1877,65
125400,1877-01-01 00:12:00,15,Florida,United States,1877,60
125401,1878-01-01 00:01:00,13,Florida,United States,1878,55
125402,1878-01-01 00:02:00,15,Florida,United States,1878,59
125403,1878-01-01 00:03:00,19,Florida,United States,1878,66
125404,1878-01-01 00:04:00,21,Florida,United States,1878,71
125405,1878-01-01 00:05:00,24,Florida,United States,1878,76
125406,1878-01-01 00:06:00,26,Florida,United States,1878,79
125407,1878-01-01 00:07:00,27,Florida,United States,1878,82
125408,1878-01-01 00:08:00,27,Florida,United States,1878,82
125409,1878-01-01 00:09:00,25,Florida,United States,1878,78
125410,1878-01-01 00:10:00,22,Florida,United States,1878,71
125411,1878-01-01 00:11:00,18,Florida,United States,1878,64
125412,1878-01-01 00:12:00,13,Florida,United States,1878,56
125413,1879-01-01 00:01:00,14,Florida,United States,1879,57
125414,1879-01-01 00:02:00,14,Florida,United States,1879,58
125415,1879-01-01 00:03:00,18,Florida,United States,1879,65
125416,1879-01-01 00:04:00,19,Florida,United States,1879,67
125417,1879-01-01 00:05:00,23,Florida,United States,1879,74
125418,1879-01-01 00:06:00,25,Florida,United States,1879,78
125419,1879-01-01 00:07:00,27,Florida,United States,1879,81
125420,1879-01-01 00:08:00,26,Florida,United States,1879,79
125421,1879-01-01 00:09:00,25,Florida,United States,1879,77
125422,1879-01-01 00:10:00,23,Florida,United States,1879,74
125423,1879-01-01 00:11:00,19,Florida,United States,1879,66
125424,1879-01-01 00:12:00,17,Florida,United States,1879,64
125425,1880-01-01 00:01:00,18,Florida,United States,1880,64
125426,1880-01-01 00:02:00,17,Florida,United States,1880,63
125427,1880-01-01 00:03:00,20,Florida,United States,1880,68
125428,1880-01-01 00:04:00,21,Florida,United States,1880,71
125429,1880-01-01 00:05:00,23,Florida,United States,1880,74
125430,1880-01-01 00:06:00,26,Florida,United States,1880,80
125431,1880-01-01 00:07:00,27,Florida,United States,1880,81
125432,1880-01-01 00:08:00,26,Florida,United States,1880,80
125433,1880-01-01 00:09:00,25,Florida,United States,1880,77
125434,1880-01-01 00:10:00,21,Florida,United States,1880,71
125435,1880-01-01 00:11:00,18,Florida,United States,1880,64
125436,1880-01-01 00:12:00,14,Florida,United States,1880,58
125437,1881-01-01 00:01:00,13,Florida,United States,1881,56
125438,1881-01-01 00:02:00,15,Florida,United States,1881,60
125439,1881-01-01 00:03:00,16,Florida,United States,1881,61
125440,1881-01-01 00:04:00,19,Florida,United States,1881,67
125441,1881-01-01 00:05:00,24,Florida,United States,1881,75
125442,1881-01-01 00:06:00,27,Florida,United States,1881,81
125443,1881-01-01 00:07:00,27,Florida,United States,1881,82
125444,1881-01-01 00:08:00,26,Florida,United States,1881,80
125445,1881-01-01 00:09:00,26,Florida,United States,1881,80
125446,1881-01-01 00:10:00,24,Florida,United States,1881,75
125447,1881-01-01 00:11:00,19,Florida,United States,1881,67
125448,1881-01-01 00:12:00,17,Florida,United States,1881,63
125449,1882-01-01 00:01:00,17,Florida,United States,1882,64
125450,1882-01-01 00:02:00,17,Florida,United States,1882,64
125451,1882-01-01 00:03:00,19,Florida,United States,1882,67
125452,1882-01-01 00:04:00,22,Florida,United States,1882,71
125453,1882-01-01 00:05:00,23,Florida,United States,1882,74
125454,1882-01-01 00:06:00,26,Florida,United States,1882,79
125455,1882-01-01 00:07:00,26,Florida,United States,1882,79
125456,1882-01-01 00:08:00,26,Florida,United States,1882,80
125457,1882-01-01 00:09:00,25,Florida,United States,1882,78
125458,1882-01-01 00:10:00,23,Florida,United States,1882,74
125459,1882-01-01 00:11:00,17,Florida,United States,1882,63
125460,1882-01-01 00:12:00,14,Florida,United States,1882,58
125461,1883-01-01 00:01:00,15,Florida,United States,1883,60
125462,1883-01-01 00:02:00,18,Florida,United States,1883,65
125463,1883-01-01 00:03:00,17,Florida,United States,1883,62
125464,1883-01-01 00:04:00,21,Florida,United States,1883,70
125465,1883-01-01 00:05:00,23,Florida,United States,1883,73
125466,1883-01-01 00:06:00,26,Florida,United States,1883,80
125467,1883-01-01 00:07:00,27,Florida,United States,1883,82
125468,1883-01-01 00:08:00,27,Florida,United States,1883,80
125469,1883-01-01 00:09:00,25,Florida,United States,1883,77
125470,1883-01-01 00:10:00,23,Florida,United States,1883,75
125471,1883-01-01 00:11:00,19,Florida,United States,1883,66
125472,1883-01-01 00:12:00,17,Florida,United States,1883,62
125473,1884-01-01 00:01:00,12,Florida,United States,1884,54
125474,1884-01-01 00:02:00,17,Florida,United States,1884,64
125475,1884-01-01 00:03:00,19,Florida,United States,1884,67
125476,1884-01-01 00:04:00,20,Florida,United States,1884,68
125477,1884-01-01 00:05:00,24,Florida,United States,1884,76
125478,1884-01-01 00:06:00,24,Florida,United States,1884,76
125479,1884-01-01 00:07:00,27,Florida,United States,1884,81
125480,1884-01-01 00:08:00,26,Florida,United States,1884,79
125481,1884-01-01 00:09:00,25,Florida,United States,1884,78
125482,1884-01-01 00:10:00,23,Florida,United States,1884,74
125483,1884-01-01 00:11:00,18,Florida,United States,1884,65
125484,1884-01-01 00:12:00,16,Florida,United States,1884,62
125485,1885-01-01 00:01:00,15,Florida,United States,1885,59
125486,1885-01-01 00:02:00,13,Florida,United States,1885,56
125487,1885-01-01 00:03:00,15,Florida,United States,1885,60
125488,1885-01-01 00:04:00,20,Florida,United States,1885,69
125489,1885-01-01 00:05:00,23,Florida,United States,1885,74
125490,1885-01-01 00:06:00,26,Florida,United States,1885,79
125491,1885-01-01 00:07:00,27,Florida,United States,1885,80
125492,1885-01-01 00:08:00,27,Florida,United States,1885,80
125493,1885-01-01 00:09:00,25,Florida,United States,1885,78
125494,1885-01-01 00:10:00,20,Florida,United States,1885,68
125495,1885-01-01 00:11:00,17,Florida,United States,1885,63
125496,1885-01-01 00:12:00,13,Florida,United States,1885,56
125497,1886-01-01 00:01:00,11,Florida,United States,1886,52
125498,1886-01-01 00:02:00,13,Florida,United States,1886,56
125499,1886-01-01 00:03:00,16,Florida,United States,1886,62
125500,1886-01-01 00:04:00,20,Florida,United States,1886,68
125501,1886-01-01 00:05:00,23,Florida,United States,1886,74
125502,1886-01-01 00:06:00,26,Florida,United States,1886,79
125503,1886-01-01 00:07:00,26,Florida,United States,1886,80
125504,1886-01-01 00:08:00,27,Florida,United States,1886,80
125505,1886-01-01 00:09:00,26,Florida,United States,1886,79
125506,1886-01-01 00:10:00,22,Florida,United States,1886,72
125507,1886-01-01 00:11:00,17,Florida,United States,1886,63
125508,1886-01-01 00:12:00,13,Florida,United States,1886,57
125509,1887-01-01 00:01:00,12,Florida,United States,1887,54
125510,1887-01-01 00:02:00,19,Florida,United States,1887,66
125511,1887-01-01 00:03:00,16,Florida,United States,1887,62
125512,1887-01-01 00:04:00,20,Florida,United States,1887,69
125513,1887-01-01 00:05:00,23,Florida,United States,1887,74
125514,1887-01-01 00:06:00,25,Florida,United States,1887,78
125515,1887-01-01 00:07:00,27,Florida,United States,1887,81
125516,1887-01-01 00:08:00,27,Florida,United States,1887,81
125517,1887-01-01 00:09:00,25,Florida,United States,1887,77
125518,1887-01-01 00:10:00,22,Florida,United States,1887,72
125519,1887-01-01 00:11:00,17,Florida,United States,1887,63
125520,1887-01-01 00:12:00,15,Florida,United States,1887,59
125521,1888-01-01 00:01:00,15,Florida,United States,1888,60
125522,1888-01-01 00:02:00,17,Florida,United States,1888,62
125523,1888-01-01 00:03:00,17,Florida,United States,1888,62
125524,1888-01-01 00:04:00,21,Florida,United States,1888,70
125525,1888-01-01 00:05:00,23,Florida,United States,1888,74
125526,1888-01-01 00:06:00,26,Florida,United States,1888,79
125527,1888-01-01 00:07:00,27,Florida,United States,1888,81
125528,1888-01-01 00:08:00,27,Florida,United States,1888,81
125529,1888-01-01 00:09:00,25,Florida,United States,1888,77
125530,1888-01-01 00:10:00,22,Florida,United States,1888,71
125531,1888-01-01 00:11:00,18,Florida,United States,1888,65
125532,1888-01-01 00:12:00,14,Florida,United States,1888,57
125533,1889-01-01 00:01:00,15,Florida,United States,1889,59
125534,1889-01-01 00:02:00,14,Florida,United States,1889,57
125535,1889-01-01 00:03:00,16,Florida,United States,1889,61
125536,1889-01-01 00:04:00,20,Florida,United States,1889,68
125537,1889-01-01 00:05:00,23,Florida,United States,1889,73
125538,1889-01-01 00:06:00,25,Florida,United States,1889,78
125539,1889-01-01 00:07:00,27,Florida,United States,1889,80
125540,1889-01-01 00:08:00,26,Florida,United States,1889,79
125541,1889-01-01 00:09:00,25,Florida,United States,1889,78
125542,1889-01-01 00:10:00,20,Florida,United States,1889,69
125543,1889-01-01 00:11:00,19,Florida,United States,1889,66
125544,1889-01-01 00:12:00,17,Florida,United States,1889,64
125545,1890-01-01 00:01:00,18,Florida,United States,1890,65
125546,1890-01-01 00:02:00,18,Florida,United States,1890,66
125547,1890-01-01 00:03:00,16,Florida,United States,1890,62
125548,1890-01-01 00:04:00,21,Florida,United States,1890,69
125549,1890-01-01 00:05:00,23,Florida,United States,1890,74
125550,1890-01-01 00:06:00,26,Florida,United States,1890,79
125551,1890-01-01 00:07:00,26,Florida,United States,1890,79
125552,1890-01-01 00:08:00,26,Florida,United States,1890,79
125553,1890-01-01 00:09:00,25,Florida,United States,1890,78
125554,1890-01-01 00:10:00,22,Florida,United States,1890,72
125555,1890-01-01 00:11:00,19,Florida,United States,1890,67
125556,1890-01-01 00:12:00,15,Florida,United States,1890,59
125557,1891-01-01 00:01:00,13,Florida,United States,1891,56
125558,1891-01-01 00:02:00,19,Florida,United States,1891,66
125559,1891-01-01 00:03:00,17,Florida,United States,1891,63
125560,1891-01-01 00:04:00,19,Florida,United States,1891,67
125561,1891-01-01 00:05:00,22,Florida,United States,1891,73
125562,1891-01-01 00:06:00,26,Florida,United States,1891,79
125563,1891-01-01 00:07:00,26,Florida,United States,1891,80
125564,1891-01-01 00:08:00,26,Florida,United States,1891,80
125565,1891-01-01 00:09:00,25,Florida,United States,1891,77
125566,1891-01-01 00:10:00,20,Florida,United States,1891,68
125567,1891-01-01 00:11:00,17,Florida,United States,1891,63
125568,1891-01-01 00:12:00,17,Florida,United States,1891,62
125569,1892-01-01 00:01:00,13,Florida,United States,1892,56
125570,1892-01-01 00:02:00,16,Florida,United States,1892,61
125571,1892-01-01 00:03:00,16,Florida,United States,1892,61
125572,1892-01-01 00:04:00,21,Florida,United States,1892,69
125573,1892-01-01 00:05:00,23,Florida,United States,1892,74
125574,1892-01-01 00:06:00,25,Florida,United States,1892,77
125575,1892-01-01 00:07:00,26,Florida,United States,1892,80
125576,1892-01-01 00:08:00,26,Florida,United States,1892,80
125577,1892-01-01 00:09:00,25,Florida,United States,1892,78
125578,1892-01-01 00:10:00,21,Florida,United States,1892,71
125579,1892-01-01 00:11:00,17,Florida,United States,1892,63
125580,1892-01-01 00:12:00,15,Florida,United States,1892,60
125581,1893-01-01 00:01:00,11,Florida,United States,1893,52
125582,1893-01-01 00:02:00,18,Florida,United States,1893,64
125583,1893-01-01 00:03:00,17,Florida,United States,1893,63
125584,1893-01-01 00:04:00,22,Florida,United States,1893,71
125585,1893-01-01 00:05:00,24,Florida,United States,1893,75
125586,1893-01-01 00:06:00,26,Florida,United States,1893,79
125587,1893-01-01 00:07:00,27,Florida,United States,1893,81
125588,1893-01-01 00:08:00,27,Florida,United States,1893,80
125589,1893-01-01 00:09:00,25,Florida,United States,1893,78
125590,1893-01-01 00:10:00,22,Florida,United States,1893,72
125591,1893-01-01 00:11:00,18,Florida,United States,1893,65
125592,1893-01-01 00:12:00,16,Florida,United States,1893,61
125593,1894-01-01 00:01:00,16,Florida,United States,1894,61
125594,1894-01-01 00:02:00,16,Florida,United States,1894,61
125595,1894-01-01 00:03:00,19,Florida,United States,1894,66
125596,1894-01-01 00:04:00,20,Florida,United States,1894,69
125597,1894-01-01 00:05:00,23,Florida,United States,1894,74
125598,1894-01-01 00:06:00,25,Florida,United States,1894,77
125599,1894-01-01 00:07:00,26,Florida,United States,1894,79
125600,1894-01-01 00:08:00,26,Florida,United States,1894,80
125601,1894-01-01 00:09:00,25,Florida,United States,1894,78
125602,1894-01-01 00:10:00,22,Florida,United States,1894,72
125603,1894-01-01 00:11:00,18,Florida,United States,1894,64
125604,1894-01-01 00:12:00,15,Florida,United States,1894,60
125605,1895-01-01 00:01:00,14,Florida,United States,1895,58
125606,1895-01-01 00:02:00,10,Florida,United States,1895,51
125607,1895-01-01 00:03:00,17,Florida,United States,1895,64
125608,1895-01-01 00:04:00,19,Florida,United States,1895,67
125609,1895-01-01 00:05:00,23,Florida,United States,1895,74
125610,1895-01-01 00:06:00,26,Florida,United States,1895,79
125611,1895-01-01 00:07:00,27,Florida,United States,1895,80
125612,1895-01-01 00:08:00,27,Florida,United States,1895,80
125613,1895-01-01 00:09:00,26,Florida,United States,1895,79
125614,1895-01-01 00:10:00,21,Florida,United States,1895,71
125615,1895-01-01 00:11:00,18,Florida,United States,1895,65
125616,1895-01-01 00:12:00,14,Florida,United States,1895,57
125617,1896-01-01 00:01:00,13,Florida,United States,1896,55
125618,1896-01-01 00:02:00,14,Florida,United States,1896,58
125619,1896-01-01 00:03:00,17,Florida,United States,1896,62
125620,1896-01-01 00:04:00,21,Florida,United States,1896,70
125621,1896-01-01 00:05:00,24,Florida,United States,1896,76
125622,1896-01-01 00:06:00,26,Florida,United States,1896,79
125623,1896-01-01 00:07:00,27,Florida,United States,1896,80
125624,1896-01-01 00:08:00,27,Florida,United States,1896,81
125625,1896-01-01 00:09:00,26,Florida,United States,1896,79
125626,1896-01-01 00:10:00,22,Florida,United States,1896,72
125627,1896-01-01 00:11:00,21,Florida,United States,1896,69
125628,1896-01-01 00:12:00,14,Florida,United States,1896,58
125629,1897-01-01 00:01:00,13,Florida,United States,1897,55
125630,1897-01-01 00:02:00,17,Florida,United States,1897,63
125631,1897-01-01 00:03:00,20,Florida,United States,1897,69
125632,1897-01-01 00:04:00,20,Florida,United States,1897,68
125633,1897-01-01 00:05:00,23,Florida,United States,1897,73
125634,1897-01-01 00:06:00,27,Florida,United States,1897,81
125635,1897-01-01 00:07:00,27,Florida,United States,1897,81
125636,1897-01-01 00:08:00,27,Florida,United States,1897,81
125637,1897-01-01 00:09:00,25,Florida,United States,1897,77
125638,1897-01-01 00:10:00,22,Florida,United States,1897,72
125639,1897-01-01 00:11:00,19,Florida,United States,1897,67
125640,1897-01-01 00:12:00,16,Florida,United States,1897,61
125641,1898-01-01 00:01:00,16,Florida,United States,1898,61
125642,1898-01-01 00:02:00,14,Florida,United States,1898,58
125643,1898-01-01 00:03:00,19,Florida,United States,1898,67
125644,1898-01-01 00:04:00,19,Florida,United States,1898,67
125645,1898-01-01 00:05:00,24,Florida,United States,1898,75
125646,1898-01-01 00:06:00,26,Florida,United States,1898,80
125647,1898-01-01 00:07:00,27,Florida,United States,1898,80
125648,1898-01-01 00:08:00,26,Florida,United States,1898,80
125649,1898-01-01 00:09:00,26,Florida,United States,1898,79
125650,1898-01-01 00:10:00,21,Florida,United States,1898,71
125651,1898-01-01 00:11:00,18,Florida,United States,1898,65
125652,1898-01-01 00:12:00,14,Florida,United States,1898,58
125653,1899-01-01 00:01:00,15,Florida,United States,1899,59
125654,1899-01-01 00:02:00,14,Florida,United States,1899,58
125655,1899-01-01 00:03:00,18,Florida,United States,1899,65
125656,1899-01-01 00:04:00,19,Florida,United States,1899,67
125657,1899-01-01 00:05:00,25,Florida,United States,1899,77
125658,1899-01-01 00:06:00,26,Florida,United States,1899,79
125659,1899-01-01 00:07:00,26,Florida,United States,1899,80
125660,1899-01-01 00:08:00,27,Florida,United States,1899,81
125661,1899-01-01 00:09:00,25,Florida,United States,1899,78
125662,1899-01-01 00:10:00,22,Florida,United States,1899,73
125663,1899-01-01 00:11:00,19,Florida,United States,1899,66
125664,1899-01-01 00:12:00,15,Florida,United States,1899,59
125665,1900-01-01 00:01:00,13,Florida,United States,1900,56
125666,1900-01-01 00:02:00,14,Florida,United States,1900,58
125667,1900-01-01 00:03:00,17,Florida,United States,1900,63
125668,1900-01-01 00:04:00,20,Florida,United States,1900,69
125669,1900-01-01 00:05:00,23,Florida,United States,1900,74
125670,1900-01-01 00:06:00,26,Florida,United States,1900,78
125671,1900-01-01 00:07:00,27,Florida,United States,1900,80
125672,1900-01-01 00:08:00,27,Florida,United States,1900,82
125673,1900-01-01 00:09:00,26,Florida,United States,1900,80
125674,1900-01-01 00:10:00,24,Florida,United States,1900,75
125675,1900-01-01 00:11:00,18,Florida,United States,1900,65
125676,1900-01-01 00:12:00,15,Florida,United States,1900,59
125677,1901-01-01 00:01:00,14,Florida,United States,1901,57
125678,1901-01-01 00:02:00,13,Florida,United States,1901,56
125679,1901-01-01 00:03:00,16,Florida,United States,1901,61
125680,1901-01-01 00:04:00,18,Florida,United States,1901,64
125681,1901-01-01 00:05:00,23,Florida,United States,1901,74
125682,1901-01-01 00:06:00,25,Florida,United States,1901,78
125683,1901-01-01 00:07:00,27,Florida,United States,1901,81
125684,1901-01-01 00:08:00,26,Florida,United States,1901,79
125685,1901-01-01 00:09:00,25,Florida,United States,1901,78
125686,1901-01-01 00:10:00,22,Florida,United States,1901,71
125687,1901-01-01 00:11:00,15,Florida,United States,1901,60
125688,1901-01-01 00:12:00,13,Florida,United States,1901,56
125689,1902-01-01 00:01:00,13,Florida,United States,1902,55
125690,1902-01-01 00:02:00,12,Florida,United States,1902,54
125691,1902-01-01 00:03:00,18,Florida,United States,1902,64
125692,1902-01-01 00:04:00,19,Florida,United States,1902,67
125693,1902-01-01 00:05:00,25,Florida,United States,1902,77
125694,1902-01-01 00:06:00,26,Florida,United States,1902,80
125695,1902-01-01 00:07:00,27,Florida,United States,1902,81
125696,1902-01-01 00:08:00,27,Florida,United States,1902,81
125697,1902-01-01 00:09:00,26,Florida,United States,1902,79
125698,1902-01-01 00:10:00,23,Florida,United States,1902,73
125699,1902-01-01 00:11:00,20,Florida,United States,1902,68
125700,1902-01-01 00:12:00,15,Florida,United States,1902,60
125701,1903-01-01 00:01:00,14,Florida,United States,1903,57
125702,1903-01-01 00:02:00,17,Florida,United States,1903,63
125703,1903-01-01 00:03:00,20,Florida,United States,1903,68
125704,1903-01-01 00:04:00,19,Florida,United States,1903,66
125705,1903-01-01 00:05:00,22,Florida,United States,1903,73
125706,1903-01-01 00:06:00,25,Florida,United States,1903,77
125707,1903-01-01 00:07:00,26,Florida,United States,1903,80
125708,1903-01-01 00:08:00,27,Florida,United States,1903,81
125709,1903-01-01 00:09:00,25,Florida,United States,1903,77
125710,1903-01-01 00:10:00,21,Florida,United States,1903,70
125711,1903-01-01 00:11:00,17,Florida,United States,1903,63
125712,1903-01-01 00:12:00,12,Florida,United States,1903,54
125713,1904-01-01 00:01:00,13,Florida,United States,1904,55
125714,1904-01-01 00:02:00,16,Florida,United States,1904,61
125715,1904-01-01 00:03:00,19,Florida,United States,1904,67
125716,1904-01-01 00:04:00,20,Florida,United States,1904,68
125717,1904-01-01 00:05:00,23,Florida,United States,1904,74
125718,1904-01-01 00:06:00,25,Florida,United States,1904,78
125719,1904-01-01 00:07:00,26,Florida,United States,1904,79
125720,1904-01-01 00:08:00,26,Florida,United States,1904,79
125721,1904-01-01 00:09:00,26,Florida,United States,1904,79
125722,1904-01-01 00:10:00,22,Florida,United States,1904,73
125723,1904-01-01 00:11:00,17,Florida,United States,1904,62
125724,1904-01-01 00:12:00,14,Florida,United States,1904,58
125725,1905-01-01 00:01:00,11,Florida,United States,1905,53
125726,1905-01-01 00:02:00,14,Florida,United States,1905,58
125727,1905-01-01 00:03:00,19,Florida,United States,1905,66
125728,1905-01-01 00:04:00,20,Florida,United States,1905,69
125729,1905-01-01 00:05:00,25,Florida,United States,1905,77
125730,1905-01-01 00:06:00,26,Florida,United States,1905,79
125731,1905-01-01 00:07:00,27,Florida,United States,1905,80
125732,1905-01-01 00:08:00,26,Florida,United States,1905,80
125733,1905-01-01 00:09:00,26,Florida,United States,1905,80
125734,1905-01-01 00:10:00,22,Florida,United States,1905,73
125735,1905-01-01 00:11:00,19,Florida,United States,1905,66
125736,1905-01-01 00:12:00,14,Florida,United States,1905,58
125737,1906-01-01 00:01:00,14,Florida,United States,1906,58
125738,1906-01-01 00:02:00,14,Florida,United States,1906,58
125739,1906-01-01 00:03:00,17,Florida,United States,1906,62
125740,1906-01-01 00:04:00,20,Florida,United States,1906,69
125741,1906-01-01 00:05:00,23,Florida,United States,1906,74
125742,1906-01-01 00:06:00,26,Florida,United States,1906,79
125743,1906-01-01 00:07:00,26,Florida,United States,1906,80
125744,1906-01-01 00:08:00,27,Florida,United States,1906,80
125745,1906-01-01 00:09:00,26,Florida,United States,1906,80
125746,1906-01-01 00:10:00,21,Florida,United States,1906,71
125747,1906-01-01 00:11:00,19,Florida,United States,1906,66
125748,1906-01-01 00:12:00,15,Florida,United States,1906,60
125749,1907-01-01 00:01:00,17,Florida,United States,1907,63
125750,1907-01-01 00:02:00,15,Florida,United States,1907,60
125751,1907-01-01 00:03:00,21,Florida,United States,1907,70
125752,1907-01-01 00:04:00,19,Florida,United States,1907,67
125753,1907-01-01 00:05:00,24,Florida,United States,1907,75
125754,1907-01-01 00:06:00,25,Florida,United States,1907,78
125755,1907-01-01 00:07:00,27,Florida,United States,1907,80
125756,1907-01-01 00:08:00,27,Florida,United States,1907,80
125757,1907-01-01 00:09:00,26,Florida,United States,1907,79
125758,1907-01-01 00:10:00,21,Florida,United States,1907,71
125759,1907-01-01 00:11:00,18,Florida,United States,1907,65
125760,1907-01-01 00:12:00,15,Florida,United States,1907,59
125761,1908-01-01 00:01:00,14,Florida,United States,1908,57
125762,1908-01-01 00:02:00,13,Florida,United States,1908,57
125763,1908-01-01 00:03:00,20,Florida,United States,1908,68
125764,1908-01-01 00:04:00,23,Florida,United States,1908,74
125765,1908-01-01 00:05:00,24,Florida,United States,1908,75
125766,1908-01-01 00:06:00,25,Florida,United States,1908,78
125767,1908-01-01 00:07:00,26,Florida,United States,1908,80
125768,1908-01-01 00:08:00,27,Florida,United States,1908,80
125769,1908-01-01 00:09:00,25,Florida,United States,1908,78
125770,1908-01-01 00:10:00,21,Florida,United States,1908,70
125771,1908-01-01 00:11:00,19,Florida,United States,1908,66
125772,1908-01-01 00:12:00,17,Florida,United States,1908,63
125773,1909-01-01 00:01:00,17,Florida,United States,1909,62
125774,1909-01-01 00:02:00,15,Florida,United States,1909,60
125775,1909-01-01 00:03:00,18,Florida,United States,1909,66
125776,1909-01-01 00:04:00,21,Florida,United States,1909,70
125777,1909-01-01 00:05:00,23,Florida,United States,1909,74
125778,1909-01-01 00:06:00,26,Florida,United States,1909,80
125779,1909-01-01 00:07:00,26,Florida,United States,1909,80
125780,1909-01-01 00:08:00,27,Florida,United States,1909,81
125781,1909-01-01 00:09:00,25,Florida,United States,1909,78
125782,1909-01-01 00:10:00,22,Florida,United States,1909,71
125783,1909-01-01 00:11:00,19,Florida,United States,1909,67
125784,1909-01-01 00:12:00,13,Florida,United States,1909,56
125785,1910-01-01 00:01:00,13,Florida,United States,1910,57
125786,1910-01-01 00:02:00,14,Florida,United States,1910,58
125787,1910-01-01 00:03:00,18,Florida,United States,1910,64
125788,1910-01-01 00:04:00,19,Florida,United States,1910,67
125789,1910-01-01 00:05:00,23,Florida,United States,1910,74
125790,1910-01-01 00:06:00,25,Florida,United States,1910,77
125791,1910-01-01 00:07:00,26,Florida,United States,1910,79
125792,1910-01-01 00:08:00,26,Florida,United States,1910,80
125793,1910-01-01 00:09:00,26,Florida,United States,1910,79
125794,1910-01-01 00:10:00,22,Florida,United States,1910,73
125795,1910-01-01 00:11:00,16,Florida,United States,1910,62
125796,1910-01-01 00:12:00,12,Florida,United States,1910,54
125797,1911-01-01 00:01:00,16,Florida,United States,1911,61
125798,1911-01-01 00:02:00,17,Florida,United States,1911,63
125799,1911-01-01 00:03:00,18,Florida,United States,1911,66
125800,1911-01-01 00:04:00,21,Florida,United States,1911,71
125801,1911-01-01 00:05:00,23,Florida,United States,1911,74
125802,1911-01-01 00:06:00,27,Florida,United States,1911,80
125803,1911-01-01 00:07:00,26,Florida,United States,1911,79
125804,1911-01-01 00:08:00,26,Florida,United States,1911,80
125805,1911-01-01 00:09:00,27,Florida,United States,1911,81
125806,1911-01-01 00:10:00,24,Florida,United States,1911,76
125807,1911-01-01 00:11:00,19,Florida,United States,1911,66
125808,1911-01-01 00:12:00,17,Florida,United States,1911,63
125809,1912-01-01 00:01:00,14,Florida,United States,1912,57
125810,1912-01-01 00:02:00,12,Florida,United States,1912,55
125811,1912-01-01 00:03:00,19,Florida,United States,1912,66
125812,1912-01-01 00:04:00,22,Florida,United States,1912,72
125813,1912-01-01 00:05:00,25,Florida,United States,1912,77
125814,1912-01-01 00:06:00,25,Florida,United States,1912,78
125815,1912-01-01 00:07:00,27,Florida,United States,1912,80
125816,1912-01-01 00:08:00,27,Florida,United States,1912,81
125817,1912-01-01 00:09:00,26,Florida,United States,1912,80
125818,1912-01-01 00:10:00,23,Florida,United States,1912,74
125819,1912-01-01 00:11:00,17,Florida,United States,1912,63
125820,1912-01-01 00:12:00,17,Florida,United States,1912,63
125821,1913-01-01 00:01:00,18,Florida,United States,1913,65
125822,1913-01-01 00:02:00,16,Florida,United States,1913,62
125823,1913-01-01 00:03:00,19,Florida,United States,1913,67
125824,1913-01-01 00:04:00,19,Florida,United States,1913,67
125825,1913-01-01 00:05:00,23,Florida,United States,1913,73
125826,1913-01-01 00:06:00,25,Florida,United States,1913,77
125827,1913-01-01 00:07:00,27,Florida,United States,1913,81
125828,1913-01-01 00:08:00,26,Florida,United States,1913,80
125829,1913-01-01 00:09:00,25,Florida,United States,1913,77
125830,1913-01-01 00:10:00,21,Florida,United States,1913,70
125831,1913-01-01 00:11:00,18,Florida,United States,1913,66
125832,1913-01-01 00:12:00,16,Florida,United States,1913,60
125833,1914-01-01 00:01:00,14,Florida,United States,1914,58
125834,1914-01-01 00:02:00,15,Florida,United States,1914,59
125835,1914-01-01 00:03:00,15,Florida,United States,1914,59
125836,1914-01-01 00:04:00,21,Florida,United States,1914,70
125837,1914-01-01 00:05:00,24,Florida,United States,1914,75
125838,1914-01-01 00:06:00,27,Florida,United States,1914,81
125839,1914-01-01 00:07:00,27,Florida,United States,1914,80
125840,1914-01-01 00:08:00,27,Florida,United States,1914,81
125841,1914-01-01 00:09:00,25,Florida,United States,1914,77
125842,1914-01-01 00:10:00,22,Florida,United States,1914,72
125843,1914-01-01 00:11:00,18,Florida,United States,1914,64
125844,1914-01-01 00:12:00,15,Florida,United States,1914,59
125845,1915-01-01 00:01:00,14,Florida,United States,1915,58
125846,1915-01-01 00:02:00,15,Florida,United States,1915,59
125847,1915-01-01 00:03:00,13,Florida,United States,1915,56
125848,1915-01-01 00:04:00,19,Florida,United States,1915,66
125849,1915-01-01 00:05:00,25,Florida,United States,1915,77
125850,1915-01-01 00:06:00,26,Florida,United States,1915,79
125851,1915-01-01 00:07:00,27,Florida,United States,1915,81
125852,1915-01-01 00:08:00,27,Florida,United States,1915,82
125853,1915-01-01 00:09:00,27,Florida,United States,1915,80
125854,1915-01-01 00:10:00,24,Florida,United States,1915,75
125855,1915-01-01 00:11:00,19,Florida,United States,1915,67
125856,1915-01-01 00:12:00,13,Florida,United States,1915,57
125857,1916-01-01 00:01:00,18,Florida,United States,1916,65
125858,1916-01-01 00:02:00,15,Florida,United States,1916,60
125859,1916-01-01 00:03:00,16,Florida,United States,1916,61
125860,1916-01-01 00:04:00,19,Florida,United States,1916,67
125861,1916-01-01 00:05:00,24,Florida,United States,1916,75
125862,1916-01-01 00:06:00,25,Florida,United States,1916,78
125863,1916-01-01 00:07:00,26,Florida,United States,1916,80
125864,1916-01-01 00:08:00,27,Florida,United States,1916,81
125865,1916-01-01 00:09:00,25,Florida,United States,1916,78
125866,1916-01-01 00:10:00,23,Florida,United States,1916,73
125867,1916-01-01 00:11:00,18,Florida,United States,1916,65
125868,1916-01-01 00:12:00,16,Florida,United States,1916,61
125869,1917-01-01 00:01:00,17,Florida,United States,1917,63
125870,1917-01-01 00:02:00,15,Florida,United States,1917,59
125871,1917-01-01 00:03:00,19,Florida,United States,1917,67
125872,1917-01-01 00:04:00,20,Florida,United States,1917,69
125873,1917-01-01 00:05:00,22,Florida,United States,1917,72
125874,1917-01-01 00:06:00,25,Florida,United States,1917,78
125875,1917-01-01 00:07:00,26,Florida,United States,1917,80
125876,1917-01-01 00:08:00,27,Florida,United States,1917,80
125877,1917-01-01 00:09:00,25,Florida,United States,1917,78
125878,1917-01-01 00:10:00,21,Florida,United States,1917,70
125879,1917-01-01 00:11:00,16,Florida,United States,1917,61
125880,1917-01-01 00:12:00,12,Florida,United States,1917,54
125881,1918-01-01 00:01:00,12,Florida,United States,1918,53
125882,1918-01-01 00:02:00,18,Florida,United States,1918,65
125883,1918-01-01 00:03:00,20,Florida,United States,1918,69
125884,1918-01-01 00:04:00,20,Florida,United States,1918,68
125885,1918-01-01 00:05:00,23,Florida,United States,1918,74
125886,1918-01-01 00:06:00,26,Florida,United States,1918,79
125887,1918-01-01 00:07:00,26,Florida,United States,1918,79
125888,1918-01-01 00:08:00,27,Florida,United States,1918,80
125889,1918-01-01 00:09:00,25,Florida,United States,1918,77
125890,1918-01-01 00:10:00,24,Florida,United States,1918,76
125891,1918-01-01 00:11:00,18,Florida,United States,1918,65
125892,1918-01-01 00:12:00,16,Florida,United States,1918,60
125893,1919-01-01 00:01:00,14,Florida,United States,1919,57
125894,1919-01-01 00:02:00,15,Florida,United States,1919,60
125895,1919-01-01 00:03:00,19,Florida,United States,1919,66
125896,1919-01-01 00:04:00,20,Florida,United States,1919,68
125897,1919-01-01 00:05:00,23,Florida,United States,1919,74
125898,1919-01-01 00:06:00,25,Florida,United States,1919,78
125899,1919-01-01 00:07:00,26,Florida,United States,1919,80
125900,1919-01-01 00:08:00,27,Florida,United States,1919,81
125901,1919-01-01 00:09:00,26,Florida,United States,1919,79
125902,1919-01-01 00:10:00,26,Florida,United States,1919,78
125903,1919-01-01 00:11:00,20,Florida,United States,1919,68
125904,1919-01-01 00:12:00,15,Florida,United States,1919,60
125905,1920-01-01 00:01:00,16,Florida,United States,1920,60
125906,1920-01-01 00:02:00,13,Florida,United States,1920,57
125907,1920-01-01 00:03:00,16,Florida,United States,1920,62
125908,1920-01-01 00:04:00,21,Florida,United States,1920,69
125909,1920-01-01 00:05:00,23,Florida,United States,1920,73
125910,1920-01-01 00:06:00,25,Florida,United States,1920,78
125911,1920-01-01 00:07:00,26,Florida,United States,1920,80
125912,1920-01-01 00:08:00,26,Florida,United States,1920,80
125913,1920-01-01 00:09:00,26,Florida,United States,1920,79
125914,1920-01-01 00:10:00,21,Florida,United States,1920,71
125915,1920-01-01 00:11:00,18,Florida,United States,1920,64
125916,1920-01-01 00:12:00,14,Florida,United States,1920,58
125917,1921-01-01 00:01:00,16,Florida,United States,1921,60
125918,1921-01-01 00:02:00,16,Florida,United States,1921,61
125919,1921-01-01 00:03:00,21,Florida,United States,1921,70
125920,1921-01-01 00:04:00,20,Florida,United States,1921,69
125921,1921-01-01 00:05:00,22,Florida,United States,1921,72
125922,1921-01-01 00:06:00,26,Florida,United States,1921,79
125923,1921-01-01 00:07:00,26,Florida,United States,1921,79
125924,1921-01-01 00:08:00,27,Florida,United States,1921,81
125925,1921-01-01 00:09:00,27,Florida,United States,1921,81
125926,1921-01-01 00:10:00,22,Florida,United States,1921,72
125927,1921-01-01 00:11:00,20,Florida,United States,1921,68
125928,1921-01-01 00:12:00,17,Florida,United States,1921,63
125929,1922-01-01 00:01:00,14,Florida,United States,1922,58
125930,1922-01-01 00:02:00,18,Florida,United States,1922,64
125931,1922-01-01 00:03:00,19,Florida,United States,1922,66
125932,1922-01-01 00:04:00,22,Florida,United States,1922,72
125933,1922-01-01 00:05:00,24,Florida,United States,1922,75
125934,1922-01-01 00:06:00,26,Florida,United States,1922,79
125935,1922-01-01 00:07:00,26,Florida,United States,1922,79
125936,1922-01-01 00:08:00,26,Florida,United States,1922,79
125937,1922-01-01 00:09:00,25,Florida,United States,1922,78
125938,1922-01-01 00:10:00,23,Florida,United States,1922,74
125939,1922-01-01 00:11:00,20,Florida,United States,1922,68
125940,1922-01-01 00:12:00,18,Florida,United States,1922,64
125941,1923-01-01 00:01:00,16,Florida,United States,1923,61
125942,1923-01-01 00:02:00,16,Florida,United States,1923,61
125943,1923-01-01 00:03:00,19,Florida,United States,1923,66
125944,1923-01-01 00:04:00,21,Florida,United States,1923,70
125945,1923-01-01 00:05:00,23,Florida,United States,1923,73
125946,1923-01-01 00:06:00,25,Florida,United States,1923,78
125947,1923-01-01 00:07:00,26,Florida,United States,1923,79
125948,1923-01-01 00:08:00,27,Florida,United States,1923,80
125949,1923-01-01 00:09:00,26,Florida,United States,1923,79
125950,1923-01-01 00:10:00,21,Florida,United States,1923,71
125951,1923-01-01 00:11:00,16,Florida,United States,1923,62
125952,1923-01-01 00:12:00,18,Florida,United States,1923,64
125953,1924-01-01 00:01:00,15,Florida,United States,1924,59
125954,1924-01-01 00:02:00,14,Florida,United States,1924,57
125955,1924-01-01 00:03:00,15,Florida,United States,1924,60
125956,1924-01-01 00:04:00,20,Florida,United States,1924,69
125957,1924-01-01 00:05:00,23,Florida,United States,1924,74
125958,1924-01-01 00:06:00,27,Florida,United States,1924,80
125959,1924-01-01 00:07:00,27,Florida,United States,1924,80
125960,1924-01-01 00:08:00,27,Florida,United States,1924,82
125961,1924-01-01 00:09:00,25,Florida,United States,1924,78
125962,1924-01-01 00:10:00,21,Florida,United States,1924,71
125963,1924-01-01 00:11:00,18,Florida,United States,1924,65
125964,1924-01-01 00:12:00,17,Florida,United States,1924,63
125965,1925-01-01 00:01:00,17,Florida,United States,1925,63
125966,1925-01-01 00:02:00,16,Florida,United States,1925,62
125967,1925-01-01 00:03:00,18,Florida,United States,1925,65
125968,1925-01-01 00:04:00,20,Florida,United States,1925,69
125969,1925-01-01 00:05:00,23,Florida,United States,1925,73
125970,1925-01-01 00:06:00,26,Florida,United States,1925,79
125971,1925-01-01 00:07:00,27,Florida,United States,1925,80
125972,1925-01-01 00:08:00,27,Florida,United States,1925,81
125973,1925-01-01 00:09:00,28,Florida,United States,1925,82
125974,1925-01-01 00:10:00,23,Florida,United States,1925,74
125975,1925-01-01 00:11:00,18,Florida,United States,1925,64
125976,1925-01-01 00:12:00,14,Florida,United States,1925,58
125977,1926-01-01 00:01:00,14,Florida,United States,1926,57
125978,1926-01-01 00:02:00,15,Florida,United States,1926,60
125979,1926-01-01 00:03:00,15,Florida,United States,1926,60
125980,1926-01-01 00:04:00,20,Florida,United States,1926,68
125981,1926-01-01 00:05:00,23,Florida,United States,1926,73
125982,1926-01-01 00:06:00,25,Florida,United States,1926,78
125983,1926-01-01 00:07:00,26,Florida,United States,1926,80
125984,1926-01-01 00:08:00,27,Florida,United States,1926,81
125985,1926-01-01 00:09:00,27,Florida,United States,1926,80
125986,1926-01-01 00:10:00,23,Florida,United States,1926,73
125987,1926-01-01 00:11:00,17,Florida,United States,1926,63
125988,1926-01-01 00:12:00,17,Florida,United States,1926,63
125989,1927-01-01 00:01:00,14,Florida,United States,1927,58
125990,1927-01-01 00:02:00,19,Florida,United States,1927,66
125991,1927-01-01 00:03:00,18,Florida,United States,1927,65
125992,1927-01-01 00:04:00,21,Florida,United States,1927,71
125993,1927-01-01 00:05:00,24,Florida,United States,1927,76
125994,1927-01-01 00:06:00,27,Florida,United States,1927,81
125995,1927-01-01 00:07:00,27,Florida,United States,1927,81
125996,1927-01-01 00:08:00,27,Florida,United States,1927,81
125997,1927-01-01 00:09:00,26,Florida,United States,1927,79
125998,1927-01-01 00:10:00,23,Florida,United States,1927,73
125999,1927-01-01 00:11:00,20,Florida,United States,1927,68
126000,1927-01-01 00:12:00,15,Florida,United States,1927,59
126001,1928-01-01 00:01:00,13,Florida,United States,1928,56
126002,1928-01-01 00:02:00,16,Florida,United States,1928,61
126003,1928-01-01 00:03:00,18,Florida,United States,1928,66
126004,1928-01-01 00:04:00,19,Florida,United States,1928,67
126005,1928-01-01 00:05:00,22,Florida,United States,1928,72
126006,1928-01-01 00:06:00,26,Florida,United States,1928,78
126007,1928-01-01 00:07:00,27,Florida,United States,1928,80
126008,1928-01-01 00:08:00,27,Florida,United States,1928,80
126009,1928-01-01 00:09:00,26,Florida,United States,1928,78
126010,1928-01-01 00:10:00,23,Florida,United States,1928,74
126011,1928-01-01 00:11:00,18,Florida,United States,1928,64
126012,1928-01-01 00:12:00,15,Florida,United States,1928,59
126013,1929-01-01 00:01:00,16,Florida,United States,1929,62
126014,1929-01-01 00:02:00,17,Florida,United States,1929,63
126015,1929-01-01 00:03:00,20,Florida,United States,1929,68
126016,1929-01-01 00:04:00,22,Florida,United States,1929,72
126017,1929-01-01 00:05:00,24,Florida,United States,1929,76
126018,1929-01-01 00:06:00,25,Florida,United States,1929,78
126019,1929-01-01 00:07:00,26,Florida,United States,1929,79
126020,1929-01-01 00:08:00,27,Florida,United States,1929,81
126021,1929-01-01 00:09:00,26,Florida,United States,1929,78
126022,1929-01-01 00:10:00,21,Florida,United States,1929,71
126023,1929-01-01 00:11:00,20,Florida,United States,1929,68
126024,1929-01-01 00:12:00,14,Florida,United States,1929,58
126025,1930-01-01 00:01:00,16,Florida,United States,1930,61
126026,1930-01-01 00:02:00,17,Florida,United States,1930,63
126027,1930-01-01 00:03:00,16,Florida,United States,1930,61
126028,1930-01-01 00:04:00,20,Florida,United States,1930,69
126029,1930-01-01 00:05:00,24,Florida,United States,1930,76
126030,1930-01-01 00:06:00,25,Florida,United States,1930,77
126031,1930-01-01 00:07:00,27,Florida,United States,1930,81
126032,1930-01-01 00:08:00,26,Florida,United States,1930,80
126033,1930-01-01 00:09:00,26,Florida,United States,1930,80
126034,1930-01-01 00:10:00,21,Florida,United States,1930,70
126035,1930-01-01 00:11:00,17,Florida,United States,1930,64
126036,1930-01-01 00:12:00,13,Florida,United States,1930,55
126037,1931-01-01 00:01:00,13,Florida,United States,1931,56
126038,1931-01-01 00:02:00,14,Florida,United States,1931,58
126039,1931-01-01 00:03:00,15,Florida,United States,1931,59
126040,1931-01-01 00:04:00,19,Florida,United States,1931,66
126041,1931-01-01 00:05:00,23,Florida,United States,1931,73
126042,1931-01-01 00:06:00,26,Florida,United States,1931,79
126043,1931-01-01 00:07:00,27,Florida,United States,1931,82
126044,1931-01-01 00:08:00,27,Florida,United States,1931,80
126045,1931-01-01 00:09:00,26,Florida,United States,1931,80
126046,1931-01-01 00:10:00,23,Florida,United States,1931,74
126047,1931-01-01 00:11:00,20,Florida,United States,1931,68
126048,1931-01-01 00:12:00,20,Florida,United States,1931,69
126049,1932-01-01 00:01:00,18,Florida,United States,1932,65
126050,1932-01-01 00:02:00,20,Florida,United States,1932,68
126051,1932-01-01 00:03:00,16,Florida,United States,1932,61
126052,1932-01-01 00:04:00,20,Florida,United States,1932,68
126053,1932-01-01 00:05:00,23,Florida,United States,1932,74
126054,1932-01-01 00:06:00,26,Florida,United States,1932,79
126055,1932-01-01 00:07:00,28,Florida,United States,1932,83
126056,1932-01-01 00:08:00,27,Florida,United States,1932,81
126057,1932-01-01 00:09:00,26,Florida,United States,1932,79
126058,1932-01-01 00:10:00,22,Florida,United States,1932,73
126059,1932-01-01 00:11:00,17,Florida,United States,1932,63
126060,1932-01-01 00:12:00,18,Florida,United States,1932,64
126061,1933-01-01 00:01:00,17,Florida,United States,1933,62
126062,1933-01-01 00:02:00,17,Florida,United States,1933,64
126063,1933-01-01 00:03:00,18,Florida,United States,1933,64
126064,1933-01-01 00:04:00,20,Florida,United States,1933,69
126065,1933-01-01 00:05:00,25,Florida,United States,1933,78
126066,1933-01-01 00:06:00,25,Florida,United States,1933,78
126067,1933-01-01 00:07:00,27,Florida,United States,1933,80
126068,1933-01-01 00:08:00,27,Florida,United States,1933,81
126069,1933-01-01 00:09:00,27,Florida,United States,1933,81
126070,1933-01-01 00:10:00,23,Florida,United States,1933,74
126071,1933-01-01 00:11:00,17,Florida,United States,1933,63
126072,1933-01-01 00:12:00,17,Florida,United States,1933,64
126073,1934-01-01 00:01:00,16,Florida,United States,1934,61
126074,1934-01-01 00:02:00,14,Florida,United States,1934,58
126075,1934-01-01 00:03:00,17,Florida,United States,1934,64
126076,1934-01-01 00:04:00,20,Florida,United States,1934,69
126077,1934-01-01 00:05:00,23,Florida,United States,1934,75
126078,1934-01-01 00:06:00,26,Florida,United States,1934,79
126079,1934-01-01 00:07:00,27,Florida,United States,1934,81
126080,1934-01-01 00:08:00,27,Florida,United States,1934,81
126081,1934-01-01 00:09:00,26,Florida,United States,1934,79
126082,1934-01-01 00:10:00,23,Florida,United States,1934,74
126083,1934-01-01 00:11:00,19,Florida,United States,1934,66
126084,1934-01-01 00:12:00,15,Florida,United States,1934,59
126085,1935-01-01 00:01:00,15,Florida,United States,1935,60
126086,1935-01-01 00:02:00,15,Florida,United States,1935,59
126087,1935-01-01 00:03:00,20,Florida,United States,1935,68
126088,1935-01-01 00:04:00,21,Florida,United States,1935,70
126089,1935-01-01 00:05:00,24,Florida,United States,1935,76
126090,1935-01-01 00:06:00,26,Florida,United States,1935,79
126091,1935-01-01 00:07:00,26,Florida,United States,1935,80
126092,1935-01-01 00:08:00,27,Florida,United States,1935,81
126093,1935-01-01 00:09:00,25,Florida,United States,1935,78
126094,1935-01-01 00:10:00,23,Florida,United States,1935,74
126095,1935-01-01 00:11:00,19,Florida,United States,1935,66
126096,1935-01-01 00:12:00,11,Florida,United States,1935,52
126097,1936-01-01 00:01:00,15,Florida,United States,1936,59
126098,1936-01-01 00:02:00,14,Florida,United States,1936,58
126099,1936-01-01 00:03:00,18,Florida,United States,1936,65
126100,1936-01-01 00:04:00,20,Florida,United States,1936,69
126101,1936-01-01 00:05:00,24,Florida,United States,1936,75
126102,1936-01-01 00:06:00,26,Florida,United States,1936,78
126103,1936-01-01 00:07:00,27,Florida,United States,1936,81
126104,1936-01-01 00:08:00,27,Florida,United States,1936,81
126105,1936-01-01 00:09:00,26,Florida,United States,1936,80
126106,1936-01-01 00:10:00,24,Florida,United States,1936,75
126107,1936-01-01 00:11:00,18,Florida,United States,1936,64
126108,1936-01-01 00:12:00,16,Florida,United States,1936,62
126109,1937-01-01 00:01:00,20,Florida,United States,1937,69
126110,1937-01-01 00:02:00,16,Florida,United States,1937,60
126111,1937-01-01 00:03:00,17,Florida,United States,1937,62
126112,1937-01-01 00:04:00,20,Florida,United States,1937,68
126113,1937-01-01 00:05:00,23,Florida,United States,1937,75
126114,1937-01-01 00:06:00,26,Florida,United States,1937,80
126115,1937-01-01 00:07:00,27,Florida,United States,1937,80
126116,1937-01-01 00:08:00,27,Florida,United States,1937,81
126117,1937-01-01 00:09:00,25,Florida,United States,1937,78
126118,1937-01-01 00:10:00,22,Florida,United States,1937,71
126119,1937-01-01 00:11:00,17,Florida,United States,1937,63
126120,1937-01-01 00:12:00,14,Florida,United States,1937,58
126121,1938-01-01 00:01:00,14,Florida,United States,1938,58
126122,1938-01-01 00:02:00,17,Florida,United States,1938,63
126123,1938-01-01 00:03:00,20,Florida,United States,1938,69
126124,1938-01-01 00:04:00,20,Florida,United States,1938,69
126125,1938-01-01 00:05:00,24,Florida,United States,1938,76
126126,1938-01-01 00:06:00,25,Florida,United States,1938,78
126127,1938-01-01 00:07:00,26,Florida,United States,1938,79
126128,1938-01-01 00:08:00,27,Florida,United States,1938,81
126129,1938-01-01 00:09:00,25,Florida,United States,1938,78
126130,1938-01-01 00:10:00,21,Florida,United States,1938,70
126131,1938-01-01 00:11:00,19,Florida,United States,1938,67
126132,1938-01-01 00:12:00,15,Florida,United States,1938,59
126133,1939-01-01 00:01:00,16,Florida,United States,1939,61
126134,1939-01-01 00:02:00,18,Florida,United States,1939,66
126135,1939-01-01 00:03:00,19,Florida,United States,1939,67
126136,1939-01-01 00:04:00,21,Florida,United States,1939,70
126137,1939-01-01 00:05:00,23,Florida,United States,1939,74
126138,1939-01-01 00:06:00,26,Florida,United States,1939,79
126139,1939-01-01 00:07:00,27,Florida,United States,1939,80
126140,1939-01-01 00:08:00,26,Florida,United States,1939,79
126141,1939-01-01 00:09:00,26,Florida,United States,1939,80
126142,1939-01-01 00:10:00,23,Florida,United States,1939,74
126143,1939-01-01 00:11:00,17,Florida,United States,1939,63
126144,1939-01-01 00:12:00,15,Florida,United States,1939,59
126145,1940-01-01 00:01:00,10,Florida,United States,1940,50
126146,1940-01-01 00:02:00,13,Florida,United States,1940,56
126147,1940-01-01 00:03:00,17,Florida,United States,1940,62
126148,1940-01-01 00:04:00,19,Florida,United States,1940,67
126149,1940-01-01 00:05:00,22,Florida,United States,1940,72
126150,1940-01-01 00:06:00,26,Florida,United States,1940,79
126151,1940-01-01 00:07:00,27,Florida,United States,1940,81
126152,1940-01-01 00:08:00,27,Florida,United States,1940,81
126153,1940-01-01 00:09:00,25,Florida,United States,1940,77
126154,1940-01-01 00:10:00,21,Florida,United States,1940,71
126155,1940-01-01 00:11:00,18,Florida,United States,1940,65
126156,1940-01-01 00:12:00,17,Florida,United States,1940,64
126157,1941-01-01 00:01:00,14,Florida,United States,1941,58
126158,1941-01-01 00:02:00,13,Florida,United States,1941,55
126159,1941-01-01 00:03:00,15,Florida,United States,1941,60
126160,1941-01-01 00:04:00,21,Florida,United States,1941,69
126161,1941-01-01 00:05:00,23,Florida,United States,1941,74
126162,1941-01-01 00:06:00,26,Florida,United States,1941,80
126163,1941-01-01 00:07:00,27,Florida,United States,1941,80
126164,1941-01-01 00:08:00,28,Florida,United States,1941,82
126165,1941-01-01 00:09:00,26,Florida,United States,1941,80
126166,1941-01-01 00:10:00,25,Florida,United States,1941,77
126167,1941-01-01 00:11:00,19,Florida,United States,1941,67
126168,1941-01-01 00:12:00,17,Florida,United States,1941,63
126169,1942-01-01 00:01:00,13,Florida,United States,1942,57
126170,1942-01-01 00:02:00,13,Florida,United States,1942,55
126171,1942-01-01 00:03:00,17,Florida,United States,1942,62
126172,1942-01-01 00:04:00,20,Florida,United States,1942,68
126173,1942-01-01 00:05:00,23,Florida,United States,1942,74
126174,1942-01-01 00:06:00,26,Florida,United States,1942,79
126175,1942-01-01 00:07:00,28,Florida,United States,1942,82
126176,1942-01-01 00:08:00,27,Florida,United States,1942,81
126177,1942-01-01 00:09:00,26,Florida,United States,1942,79
126178,1942-01-01 00:10:00,22,Florida,United States,1942,73
126179,1942-01-01 00:11:00,19,Florida,United States,1942,67
126180,1942-01-01 00:12:00,16,Florida,United States,1942,62
126181,1943-01-01 00:01:00,16,Florida,United States,1943,61
126182,1943-01-01 00:02:00,14,Florida,United States,1943,58
126183,1943-01-01 00:03:00,18,Florida,United States,1943,64
126184,1943-01-01 00:04:00,20,Florida,United States,1943,68
126185,1943-01-01 00:05:00,24,Florida,United States,1943,76
126186,1943-01-01 00:06:00,26,Florida,United States,1943,80
126187,1943-01-01 00:07:00,27,Florida,United States,1943,80
126188,1943-01-01 00:08:00,27,Florida,United States,1943,81
126189,1943-01-01 00:09:00,26,Florida,United States,1943,78
126190,1943-01-01 00:10:00,21,Florida,United States,1943,70
126191,1943-01-01 00:11:00,17,Florida,United States,1943,63
126192,1943-01-01 00:12:00,15,Florida,United States,1943,59
126193,1944-01-01 00:01:00,14,Florida,United States,1944,57
126194,1944-01-01 00:02:00,18,Florida,United States,1944,65
126195,1944-01-01 00:03:00,19,Florida,United States,1944,67
126196,1944-01-01 00:04:00,21,Florida,United States,1944,70
126197,1944-01-01 00:05:00,23,Florida,United States,1944,74
126198,1944-01-01 00:06:00,27,Florida,United States,1944,81
126199,1944-01-01 00:07:00,26,Florida,United States,1944,80
126200,1944-01-01 00:08:00,27,Florida,United States,1944,81
126201,1944-01-01 00:09:00,27,Florida,United States,1944,80
126202,1944-01-01 00:10:00,21,Florida,United States,1944,71
126203,1944-01-01 00:11:00,18,Florida,United States,1944,64
126204,1944-01-01 00:12:00,13,Florida,United States,1944,57
126205,1945-01-01 00:01:00,14,Florida,United States,1945,58
126206,1945-01-01 00:02:00,17,Florida,United States,1945,64
126207,1945-01-01 00:03:00,21,Florida,United States,1945,70
126208,1945-01-01 00:04:00,22,Florida,United States,1945,73
126209,1945-01-01 00:05:00,23,Florida,United States,1945,74
126210,1945-01-01 00:06:00,26,Florida,United States,1945,80
126211,1945-01-01 00:07:00,26,Florida,United States,1945,80
126212,1945-01-01 00:08:00,27,Florida,United States,1945,81
126213,1945-01-01 00:09:00,26,Florida,United States,1945,80
126214,1945-01-01 00:10:00,22,Florida,United States,1945,73
126215,1945-01-01 00:11:00,18,Florida,United States,1945,65
126216,1945-01-01 00:12:00,14,Florida,United States,1945,57
126217,1946-01-01 00:01:00,16,Florida,United States,1946,61
126218,1946-01-01 00:02:00,16,Florida,United States,1946,61
126219,1946-01-01 00:03:00,19,Florida,United States,1946,67
126220,1946-01-01 00:04:00,21,Florida,United States,1946,70
126221,1946-01-01 00:05:00,24,Florida,United States,1946,76
126222,1946-01-01 00:06:00,25,Florida,United States,1946,78
126223,1946-01-01 00:07:00,27,Florida,United States,1946,80
126224,1946-01-01 00:08:00,27,Florida,United States,1946,80
126225,1946-01-01 00:09:00,26,Florida,United States,1946,79
126226,1946-01-01 00:10:00,23,Florida,United States,1946,74
126227,1946-01-01 00:11:00,22,Florida,United States,1946,71
126228,1946-01-01 00:12:00,18,Florida,United States,1946,64
126229,1947-01-01 00:01:00,19,Florida,United States,1947,66
126230,1947-01-01 00:02:00,12,Florida,United States,1947,54
126231,1947-01-01 00:03:00,16,Florida,United States,1947,60
126232,1947-01-01 00:04:00,23,Florida,United States,1947,73
126233,1947-01-01 00:05:00,24,Florida,United States,1947,75
126234,1947-01-01 00:06:00,26,Florida,United States,1947,79
126235,1947-01-01 00:07:00,26,Florida,United States,1947,79
126236,1947-01-01 00:08:00,27,Florida,United States,1947,80
126237,1947-01-01 00:09:00,26,Florida,United States,1947,79
126238,1947-01-01 00:10:00,23,Florida,United States,1947,74
126239,1947-01-01 00:11:00,19,Florida,United States,1947,67
126240,1947-01-01 00:12:00,16,Florida,United States,1947,62
126241,1948-01-01 00:01:00,13,Florida,United States,1948,56
126242,1948-01-01 00:02:00,17,Florida,United States,1948,64
126243,1948-01-01 00:03:00,20,Florida,United States,1948,69
126244,1948-01-01 00:04:00,22,Florida,United States,1948,72
126245,1948-01-01 00:05:00,24,Florida,United States,1948,76
126246,1948-01-01 00:06:00,26,Florida,United States,1948,80
126247,1948-01-01 00:07:00,27,Florida,United States,1948,80
126248,1948-01-01 00:08:00,27,Florida,United States,1948,80
126249,1948-01-01 00:09:00,26,Florida,United States,1948,78
126250,1948-01-01 00:10:00,22,Florida,United States,1948,71
126251,1948-01-01 00:11:00,22,Florida,United States,1948,71
126252,1948-01-01 00:12:00,18,Florida,United States,1948,66
126253,1949-01-01 00:01:00,18,Florida,United States,1949,65
126254,1949-01-01 00:02:00,19,Florida,United States,1949,67
126255,1949-01-01 00:03:00,18,Florida,United States,1949,65
126256,1949-01-01 00:04:00,21,Florida,United States,1949,70
126257,1949-01-01 00:05:00,24,Florida,United States,1949,76
126258,1949-01-01 00:06:00,26,Florida,United States,1949,79
126259,1949-01-01 00:07:00,27,Florida,United States,1949,81
126260,1949-01-01 00:08:00,27,Florida,United States,1949,80
126261,1949-01-01 00:09:00,26,Florida,United States,1949,79
126262,1949-01-01 00:10:00,24,Florida,United States,1949,76
126263,1949-01-01 00:11:00,17,Florida,United States,1949,62
126264,1949-01-01 00:12:00,17,Florida,United States,1949,63
126265,1950-01-01 00:01:00,20,Florida,United States,1950,68
126266,1950-01-01 00:02:00,17,Florida,United States,1950,64
126267,1950-01-01 00:03:00,18,Florida,United States,1950,64
126268,1950-01-01 00:04:00,18,Florida,United States,1950,65
126269,1950-01-01 00:05:00,24,Florida,United States,1950,76
126270,1950-01-01 00:06:00,27,Florida,United States,1950,81
126271,1950-01-01 00:07:00,26,Florida,United States,1950,79
126272,1950-01-01 00:08:00,27,Florida,United States,1950,80
126273,1950-01-01 00:09:00,25,Florida,United States,1950,78
126274,1950-01-01 00:10:00,23,Florida,United States,1950,74
126275,1950-01-01 00:11:00,16,Florida,United States,1950,62
126276,1950-01-01 00:12:00,13,Florida,United States,1950,56
126277,1951-01-01 00:01:00,15,Florida,United States,1951,59
126278,1951-01-01 00:02:00,15,Florida,United States,1951,59
126279,1951-01-01 00:03:00,18,Florida,United States,1951,65
126280,1951-01-01 00:04:00,19,Florida,United States,1951,67
126281,1951-01-01 00:05:00,23,Florida,United States,1951,74
126282,1951-01-01 00:06:00,26,Florida,United States,1951,80
126283,1951-01-01 00:07:00,27,Florida,United States,1951,81
126284,1951-01-01 00:08:00,28,Florida,United States,1951,83
126285,1951-01-01 00:09:00,27,Florida,United States,1951,80
126286,1951-01-01 00:10:00,23,Florida,United States,1951,75
126287,1951-01-01 00:11:00,17,Florida,United States,1951,63
126288,1951-01-01 00:12:00,18,Florida,United States,1951,64
126289,1952-01-01 00:01:00,17,Florida,United States,1952,62
126290,1952-01-01 00:02:00,16,Florida,United States,1952,61
126291,1952-01-01 00:03:00,19,Florida,United States,1952,66
126292,1952-01-01 00:04:00,19,Florida,United States,1952,67
126293,1952-01-01 00:05:00,24,Florida,United States,1952,75
126294,1952-01-01 00:06:00,27,Florida,United States,1952,82
126295,1952-01-01 00:07:00,27,Florida,United States,1952,82
126296,1952-01-01 00:08:00,27,Florida,United States,1952,81
126297,1952-01-01 00:09:00,26,Florida,United States,1952,79
126298,1952-01-01 00:10:00,21,Florida,United States,1952,71
126299,1952-01-01 00:11:00,18,Florida,United States,1952,65
126300,1952-01-01 00:12:00,14,Florida,United States,1952,58
126301,1953-01-01 00:01:00,15,Florida,United States,1953,60
126302,1953-01-01 00:02:00,17,Florida,United States,1953,62
126303,1953-01-01 00:03:00,20,Florida,United States,1953,68
126304,1953-01-01 00:04:00,20,Florida,United States,1953,69
126305,1953-01-01 00:05:00,25,Florida,United States,1953,78
126306,1953-01-01 00:06:00,26,Florida,United States,1953,80
126307,1953-01-01 00:07:00,27,Florida,United States,1953,81
126308,1953-01-01 00:08:00,27,Florida,United States,1953,80
126309,1953-01-01 00:09:00,26,Florida,United States,1953,79
126310,1953-01-01 00:10:00,22,Florida,United States,1953,71
126311,1953-01-01 00:11:00,18,Florida,United States,1953,65
126312,1953-01-01 00:12:00,16,Florida,United States,1953,61
126313,1954-01-01 00:01:00,16,Florida,United States,1954,61
126314,1954-01-01 00:02:00,16,Florida,United States,1954,61
126315,1954-01-01 00:03:00,17,Florida,United States,1954,63
126316,1954-01-01 00:04:00,22,Florida,United States,1954,73
126317,1954-01-01 00:05:00,23,Florida,United States,1954,74
126318,1954-01-01 00:06:00,26,Florida,United States,1954,80
126319,1954-01-01 00:07:00,27,Florida,United States,1954,81
126320,1954-01-01 00:08:00,28,Florida,United States,1954,83
126321,1954-01-01 00:09:00,27,Florida,United States,1954,80
126322,1954-01-01 00:10:00,22,Florida,United States,1954,72
126323,1954-01-01 00:11:00,17,Florida,United States,1954,63
126324,1954-01-01 00:12:00,13,Florida,United States,1954,57
126325,1955-01-01 00:01:00,14,Florida,United States,1955,57
126326,1955-01-01 00:02:00,16,Florida,United States,1955,61
126327,1955-01-01 00:03:00,19,Florida,United States,1955,66
126328,1955-01-01 00:04:00,21,Florida,United States,1955,71
126329,1955-01-01 00:05:00,24,Florida,United States,1955,76
126330,1955-01-01 00:06:00,25,Florida,United States,1955,78
126331,1955-01-01 00:07:00,27,Florida,United States,1955,80
126332,1955-01-01 00:08:00,27,Florida,United States,1955,82
126333,1955-01-01 00:09:00,27,Florida,United States,1955,80
126334,1955-01-01 00:10:00,22,Florida,United States,1955,72
126335,1955-01-01 00:11:00,18,Florida,United States,1955,65
126336,1955-01-01 00:12:00,15,Florida,United States,1955,60
126337,1956-01-01 00:01:00,12,Florida,United States,1956,54
126338,1956-01-01 00:02:00,18,Florida,United States,1956,65
126339,1956-01-01 00:03:00,18,Florida,United States,1956,64
126340,1956-01-01 00:04:00,20,Florida,United States,1956,68
126341,1956-01-01 00:05:00,25,Florida,United States,1956,77
126342,1956-01-01 00:06:00,26,Florida,United States,1956,78
126343,1956-01-01 00:07:00,27,Florida,United States,1956,80
126344,1956-01-01 00:08:00,27,Florida,United States,1956,82
126345,1956-01-01 00:09:00,25,Florida,United States,1956,77
126346,1956-01-01 00:10:00,22,Florida,United States,1956,73
126347,1956-01-01 00:11:00,17,Florida,United States,1956,63
126348,1956-01-01 00:12:00,17,Florida,United States,1956,64
126349,1957-01-01 00:01:00,17,Florida,United States,1957,63
126350,1957-01-01 00:02:00,19,Florida,United States,1957,66
126351,1957-01-01 00:03:00,17,Florida,United States,1957,64
126352,1957-01-01 00:04:00,21,Florida,United States,1957,71
126353,1957-01-01 00:05:00,24,Florida,United States,1957,76
126354,1957-01-01 00:06:00,26,Florida,United States,1957,80
126355,1957-01-01 00:07:00,27,Florida,United States,1957,81
126356,1957-01-01 00:08:00,27,Florida,United States,1957,81
126357,1957-01-01 00:09:00,26,Florida,United States,1957,79
126358,1957-01-01 00:10:00,21,Florida,United States,1957,70
126359,1957-01-01 00:11:00,20,Florida,United States,1957,68
126360,1957-01-01 00:12:00,14,Florida,United States,1957,58
126361,1958-01-01 00:01:00,11,Florida,United States,1958,52
126362,1958-01-01 00:02:00,11,Florida,United States,1958,51
126363,1958-01-01 00:03:00,17,Florida,United States,1958,63
126364,1958-01-01 00:04:00,21,Florida,United States,1958,70
126365,1958-01-01 00:05:00,23,Florida,United States,1958,75
126366,1958-01-01 00:06:00,27,Florida,United States,1958,80
126367,1958-01-01 00:07:00,27,Florida,United States,1958,81
126368,1958-01-01 00:08:00,27,Florida,United States,1958,81
126369,1958-01-01 00:09:00,27,Florida,United States,1958,80
126370,1958-01-01 00:10:00,22,Florida,United States,1958,71
126371,1958-01-01 00:11:00,21,Florida,United States,1958,69
126372,1958-01-01 00:12:00,15,Florida,United States,1958,59
126373,1959-01-01 00:01:00,14,Florida,United States,1959,57
126374,1959-01-01 00:02:00,19,Florida,United States,1959,66
126375,1959-01-01 00:03:00,17,Florida,United States,1959,63
126376,1959-01-01 00:04:00,20,Florida,United States,1959,69
126377,1959-01-01 00:05:00,24,Florida,United States,1959,76
126378,1959-01-01 00:06:00,26,Florida,United States,1959,79
126379,1959-01-01 00:07:00,27,Florida,United States,1959,80
126380,1959-01-01 00:08:00,27,Florida,United States,1959,81
126381,1959-01-01 00:09:00,26,Florida,United States,1959,79
126382,1959-01-01 00:10:00,24,Florida,United States,1959,76
126383,1959-01-01 00:11:00,19,Florida,United States,1959,66
126384,1959-01-01 00:12:00,15,Florida,United States,1959,59
126385,1960-01-01 00:01:00,14,Florida,United States,1960,58
126386,1960-01-01 00:02:00,14,Florida,United States,1960,58
126387,1960-01-01 00:03:00,15,Florida,United States,1960,59
126388,1960-01-01 00:04:00,21,Florida,United States,1960,70
126389,1960-01-01 00:05:00,23,Florida,United States,1960,73
126390,1960-01-01 00:06:00,26,Florida,United States,1960,79
126391,1960-01-01 00:07:00,27,Florida,United States,1960,81
126392,1960-01-01 00:08:00,27,Florida,United States,1960,81
126393,1960-01-01 00:09:00,26,Florida,United States,1960,79
126394,1960-01-01 00:10:00,23,Florida,United States,1960,75
126395,1960-01-01 00:11:00,20,Florida,United States,1960,68
126396,1960-01-01 00:12:00,13,Florida,United States,1960,56
126397,1961-01-01 00:01:00,13,Florida,United States,1961,55
126398,1961-01-01 00:02:00,17,Florida,United States,1961,62
126399,1961-01-01 00:03:00,20,Florida,United States,1961,68
126400,1961-01-01 00:04:00,19,Florida,United States,1961,67
126401,1961-01-01 00:05:00,23,Florida,United States,1961,74
126402,1961-01-01 00:06:00,25,Florida,United States,1961,78
126403,1961-01-01 00:07:00,27,Florida,United States,1961,81
126404,1961-01-01 00:08:00,27,Florida,United States,1961,81
126405,1961-01-01 00:09:00,26,Florida,United States,1961,79
126406,1961-01-01 00:10:00,22,Florida,United States,1961,72
126407,1961-01-01 00:11:00,20,Florida,United States,1961,68
126408,1961-01-01 00:12:00,16,Florida,United States,1961,61
126409,1962-01-01 00:01:00,14,Florida,United States,1962,58
126410,1962-01-01 00:02:00,18,Florida,United States,1962,65
126411,1962-01-01 00:03:00,17,Florida,United States,1962,62
126412,1962-01-01 00:04:00,19,Florida,United States,1962,67
126413,1962-01-01 00:05:00,25,Florida,United States,1962,77
126414,1962-01-01 00:06:00,26,Florida,United States,1962,79
126415,1962-01-01 00:07:00,28,Florida,United States,1962,82
126416,1962-01-01 00:08:00,27,Florida,United States,1962,81
126417,1962-01-01 00:09:00,26,Florida,United States,1962,79
126418,1962-01-01 00:10:00,23,Florida,United States,1962,73
126419,1962-01-01 00:11:00,16,Florida,United States,1962,62
126420,1962-01-01 00:12:00,13,Florida,United States,1962,56
126421,1963-01-01 00:01:00,14,Florida,United States,1963,57
126422,1963-01-01 00:02:00,13,Florida,United States,1963,56
126423,1963-01-01 00:03:00,19,Florida,United States,1963,67
126424,1963-01-01 00:04:00,21,Florida,United States,1963,70
126425,1963-01-01 00:05:00,24,Florida,United States,1963,75
126426,1963-01-01 00:06:00,26,Florida,United States,1963,80
126427,1963-01-01 00:07:00,27,Florida,United States,1963,81
126428,1963-01-01 00:08:00,27,Florida,United States,1963,82
126429,1963-01-01 00:09:00,26,Florida,United States,1963,79
126430,1963-01-01 00:10:00,22,Florida,United States,1963,72
126431,1963-01-01 00:11:00,18,Florida,United States,1963,64
126432,1963-01-01 00:12:00,12,Florida,United States,1963,54
126433,1964-01-01 00:01:00,14,Florida,United States,1964,57
126434,1964-01-01 00:02:00,13,Florida,United States,1964,56
126435,1964-01-01 00:03:00,19,Florida,United States,1964,66
126436,1964-01-01 00:04:00,22,Florida,United States,1964,71
126437,1964-01-01 00:05:00,24,Florida,United States,1964,75
126438,1964-01-01 00:06:00,27,Florida,United States,1964,80
126439,1964-01-01 00:07:00,27,Florida,United States,1964,80
126440,1964-01-01 00:08:00,27,Florida,United States,1964,81
126441,1964-01-01 00:09:00,26,Florida,United States,1964,79
126442,1964-01-01 00:10:00,21,Florida,United States,1964,70
126443,1964-01-01 00:11:00,20,Florida,United States,1964,68
126444,1964-01-01 00:12:00,17,Florida,United States,1964,63
126445,1965-01-01 00:01:00,15,Florida,United States,1965,59
126446,1965-01-01 00:02:00,16,Florida,United States,1965,61
126447,1965-01-01 00:03:00,18,Florida,United States,1965,65
126448,1965-01-01 00:04:00,22,Florida,United States,1965,72
126449,1965-01-01 00:05:00,24,Florida,United States,1965,75
126450,1965-01-01 00:06:00,25,Florida,United States,1965,78
126451,1965-01-01 00:07:00,26,Florida,United States,1965,80
126452,1965-01-01 00:08:00,27,Florida,United States,1965,81
126453,1965-01-01 00:09:00,26,Florida,United States,1965,79
126454,1965-01-01 00:10:00,22,Florida,United States,1965,72
126455,1965-01-01 00:11:00,19,Florida,United States,1965,67
126456,1965-01-01 00:12:00,15,Florida,United States,1965,60
126457,1966-01-01 00:01:00,13,Florida,United States,1966,56
126458,1966-01-01 00:02:00,15,Florida,United States,1966,59
126459,1966-01-01 00:03:00,17,Florida,United States,1966,63
126460,1966-01-01 00:04:00,20,Florida,United States,1966,68
126461,1966-01-01 00:05:00,24,Florida,United States,1966,75
126462,1966-01-01 00:06:00,25,Florida,United States,1966,77
126463,1966-01-01 00:07:00,27,Florida,United States,1966,81
126464,1966-01-01 00:08:00,27,Florida,United States,1966,81
126465,1966-01-01 00:09:00,26,Florida,United States,1966,79
126466,1966-01-01 00:10:00,23,Florida,United States,1966,73
126467,1966-01-01 00:11:00,18,Florida,United States,1966,64
126468,1966-01-01 00:12:00,14,Florida,United States,1966,58
126469,1967-01-01 00:01:00,16,Florida,United States,1967,61
126470,1967-01-01 00:02:00,15,Florida,United States,1967,59
126471,1967-01-01 00:03:00,19,Florida,United States,1967,67
126472,1967-01-01 00:04:00,22,Florida,United States,1967,72
126473,1967-01-01 00:05:00,24,Florida,United States,1967,75
126474,1967-01-01 00:06:00,26,Florida,United States,1967,79
126475,1967-01-01 00:07:00,26,Florida,United States,1967,80
126476,1967-01-01 00:08:00,26,Florida,United States,1967,80
126477,1967-01-01 00:09:00,25,Florida,United States,1967,77
126478,1967-01-01 00:10:00,21,Florida,United States,1967,71
126479,1967-01-01 00:11:00,18,Florida,United States,1967,65
126480,1967-01-01 00:12:00,18,Florida,United States,1967,64
126481,1968-01-01 00:01:00,14,Florida,United States,1968,58
126482,1968-01-01 00:02:00,12,Florida,United States,1968,54
126483,1968-01-01 00:03:00,16,Florida,United States,1968,61
126484,1968-01-01 00:04:00,22,Florida,United States,1968,72
126485,1968-01-01 00:05:00,24,Florida,United States,1968,75
126486,1968-01-01 00:06:00,26,Florida,United States,1968,79
126487,1968-01-01 00:07:00,27,Florida,United States,1968,80
126488,1968-01-01 00:08:00,27,Florida,United States,1968,81
126489,1968-01-01 00:09:00,26,Florida,United States,1968,79
126490,1968-01-01 00:10:00,22,Florida,United States,1968,72
126491,1968-01-01 00:11:00,17,Florida,United States,1968,62
126492,1968-01-01 00:12:00,14,Florida,United States,1968,57
126493,1969-01-01 00:01:00,14,Florida,United States,1969,58
126494,1969-01-01 00:02:00,13,Florida,United States,1969,56
126495,1969-01-01 00:03:00,15,Florida,United States,1969,59
126496,1969-01-01 00:04:00,21,Florida,United States,1969,71
126497,1969-01-01 00:05:00,23,Florida,United States,1969,75
126498,1969-01-01 00:06:00,27,Florida,United States,1969,81
126499,1969-01-01 00:07:00,28,Florida,United States,1969,82
126500,1969-01-01 00:08:00,27,Florida,United States,1969,80
126501,1969-01-01 00:09:00,26,Florida,United States,1969,79
126502,1969-01-01 00:10:00,23,Florida,United States,1969,75
126503,1969-01-01 00:11:00,17,Florida,United States,1969,62
126504,1969-01-01 00:12:00,14,Florida,United States,1969,57
126505,1970-01-01 00:01:00,12,Florida,United States,1970,53
126506,1970-01-01 00:02:00,13,Florida,United States,1970,56
126507,1970-01-01 00:03:00,18,Florida,United States,1970,64
126508,1970-01-01 00:04:00,22,Florida,United States,1970,72
126509,1970-01-01 00:05:00,23,Florida,United States,1970,75
126510,1970-01-01 00:06:00,26,Florida,United States,1970,79
126511,1970-01-01 00:07:00,27,Florida,United States,1970,81
126512,1970-01-01 00:08:00,27,Florida,United States,1970,81
126513,1970-01-01 00:09:00,27,Florida,United States,1970,81
126514,1970-01-01 00:10:00,23,Florida,United States,1970,74
126515,1970-01-01 00:11:00,16,Florida,United States,1970,61
126516,1970-01-01 00:12:00,16,Florida,United States,1970,61
126517,1971-01-01 00:01:00,15,Florida,United States,1971,59
126518,1971-01-01 00:02:00,16,Florida,United States,1971,61
126519,1971-01-01 00:03:00,16,Florida,United States,1971,62
126520,1971-01-01 00:04:00,20,Florida,United States,1971,68
126521,1971-01-01 00:05:00,23,Florida,United States,1971,74
126522,1971-01-01 00:06:00,26,Florida,United States,1971,79
126523,1971-01-01 00:07:00,27,Florida,United States,1971,80
126524,1971-01-01 00:08:00,27,Florida,United States,1971,81
126525,1971-01-01 00:09:00,26,Florida,United States,1971,79
126526,1971-01-01 00:10:00,24,Florida,United States,1971,75
126527,1971-01-01 00:11:00,19,Florida,United States,1971,66
126528,1971-01-01 00:12:00,20,Florida,United States,1971,68
126529,1972-01-01 00:01:00,18,Florida,United States,1972,65
126530,1972-01-01 00:02:00,15,Florida,United States,1972,60
126531,1972-01-01 00:03:00,18,Florida,United States,1972,65
126532,1972-01-01 00:04:00,21,Florida,United States,1972,70
126533,1972-01-01 00:05:00,23,Florida,United States,1972,74
126534,1972-01-01 00:06:00,26,Florida,United States,1972,79
126535,1972-01-01 00:07:00,27,Florida,United States,1972,80
126536,1972-01-01 00:08:00,27,Florida,United States,1972,81
126537,1972-01-01 00:09:00,26,Florida,United States,1972,80
126538,1972-01-01 00:10:00,23,Florida,United States,1972,74
126539,1972-01-01 00:11:00,19,Florida,United States,1972,67
126540,1972-01-01 00:12:00,17,Florida,United States,1972,63
126541,1973-01-01 00:01:00,15,Florida,United States,1973,60
126542,1973-01-01 00:02:00,13,Florida,United States,1973,56
126543,1973-01-01 00:03:00,20,Florida,United States,1973,68
126544,1973-01-01 00:04:00,20,Florida,United States,1973,68
126545,1973-01-01 00:05:00,23,Florida,United States,1973,75
126546,1973-01-01 00:06:00,26,Florida,United States,1973,80
126547,1973-01-01 00:07:00,27,Florida,United States,1973,81
126548,1973-01-01 00:08:00,27,Florida,United States,1973,80
126549,1973-01-01 00:09:00,27,Florida,United States,1973,80
126550,1973-01-01 00:10:00,23,Florida,United States,1973,74
126551,1973-01-01 00:11:00,20,Florida,United States,1973,69
126552,1973-01-01 00:12:00,14,Florida,United States,1973,58
126553,1974-01-01 00:01:00,20,Florida,United States,1974,69
126554,1974-01-01 00:02:00,15,Florida,United States,1974,60
126555,1974-01-01 00:03:00,20,Florida,United States,1974,68
126556,1974-01-01 00:04:00,20,Florida,United States,1974,69
126557,1974-01-01 00:05:00,24,Florida,United States,1974,76
126558,1974-01-01 00:06:00,25,Florida,United States,1974,78
126559,1974-01-01 00:07:00,26,Florida,United States,1974,80
126560,1974-01-01 00:08:00,27,Florida,United States,1974,80
126561,1974-01-01 00:09:00,26,Florida,United States,1974,80
126562,1974-01-01 00:10:00,21,Florida,United States,1974,70
126563,1974-01-01 00:11:00,18,Florida,United States,1974,65
126564,1974-01-01 00:12:00,15,Florida,United States,1974,60
126565,1975-01-01 00:01:00,17,Florida,United States,1975,63
126566,1975-01-01 00:02:00,18,Florida,United States,1975,65
126567,1975-01-01 00:03:00,19,Florida,United States,1975,66
126568,1975-01-01 00:04:00,21,Florida,United States,1975,70
126569,1975-01-01 00:05:00,25,Florida,United States,1975,77
126570,1975-01-01 00:06:00,26,Florida,United States,1975,80
126571,1975-01-01 00:07:00,26,Florida,United States,1975,80
126572,1975-01-01 00:08:00,27,Florida,United States,1975,81
126573,1975-01-01 00:09:00,26,Florida,United States,1975,79
126574,1975-01-01 00:10:00,23,Florida,United States,1975,74
126575,1975-01-01 00:11:00,19,Florida,United States,1975,66
126576,1975-01-01 00:12:00,15,Florida,United States,1975,59
126577,1976-01-01 00:01:00,13,Florida,United States,1976,55
126578,1976-01-01 00:02:00,16,Florida,United States,1976,62
126579,1976-01-01 00:03:00,20,Florida,United States,1976,68
126580,1976-01-01 00:04:00,20,Florida,United States,1976,69
126581,1976-01-01 00:05:00,23,Florida,United States,1976,74
126582,1976-01-01 00:06:00,25,Florida,United States,1976,78
126583,1976-01-01 00:07:00,27,Florida,United States,1976,81
126584,1976-01-01 00:08:00,27,Florida,United States,1976,81
126585,1976-01-01 00:09:00,26,Florida,United States,1976,78
126586,1976-01-01 00:10:00,21,Florida,United States,1976,69
126587,1976-01-01 00:11:00,16,Florida,United States,1976,62
126588,1976-01-01 00:12:00,14,Florida,United States,1976,58
126589,1977-01-01 00:01:00,10,Florida,United States,1977,51
126590,1977-01-01 00:02:00,13,Florida,United States,1977,56
126591,1977-01-01 00:03:00,20,Florida,United States,1977,68
126592,1977-01-01 00:04:00,21,Florida,United States,1977,70
126593,1977-01-01 00:05:00,23,Florida,United States,1977,75
126594,1977-01-01 00:06:00,27,Florida,United States,1977,81
126595,1977-01-01 00:07:00,27,Florida,United States,1977,81
126596,1977-01-01 00:08:00,27,Florida,United States,1977,81
126597,1977-01-01 00:09:00,27,Florida,United States,1977,80
126598,1977-01-01 00:10:00,21,Florida,United States,1977,70
126599,1977-01-01 00:11:00,19,Florida,United States,1977,67
126600,1977-01-01 00:12:00,15,Florida,United States,1977,59
126601,1978-01-01 00:01:00,12,Florida,United States,1978,53
126602,1978-01-01 00:02:00,11,Florida,United States,1978,53
126603,1978-01-01 00:03:00,17,Florida,United States,1978,63
126604,1978-01-01 00:04:00,21,Florida,United States,1978,70
126605,1978-01-01 00:05:00,24,Florida,United States,1978,76
126606,1978-01-01 00:06:00,27,Florida,United States,1978,80
126607,1978-01-01 00:07:00,27,Florida,United States,1978,81
126608,1978-01-01 00:08:00,27,Florida,United States,1978,81
126609,1978-01-01 00:09:00,26,Florida,United States,1978,80
126610,1978-01-01 00:10:00,22,Florida,United States,1978,73
126611,1978-01-01 00:11:00,21,Florida,United States,1978,70
126612,1978-01-01 00:12:00,17,Florida,United States,1978,63
126613,1979-01-01 00:01:00,13,Florida,United States,1979,56
126614,1979-01-01 00:02:00,14,Florida,United States,1979,57
126615,1979-01-01 00:03:00,17,Florida,United States,1979,64
126616,1979-01-01 00:04:00,22,Florida,United States,1979,72
126617,1979-01-01 00:05:00,23,Florida,United States,1979,75
126618,1979-01-01 00:06:00,26,Florida,United States,1979,79
126619,1979-01-01 00:07:00,28,Florida,United States,1979,82
126620,1979-01-01 00:08:00,27,Florida,United States,1979,81
126621,1979-01-01 00:09:00,26,Florida,United States,1979,80
126622,1979-01-01 00:10:00,22,Florida,United States,1979,73
126623,1979-01-01 00:11:00,19,Florida,United States,1979,67
126624,1979-01-01 00:12:00,15,Florida,United States,1979,60
126625,1980-01-01 00:01:00,15,Florida,United States,1980,59
126626,1980-01-01 00:02:00,13,Florida,United States,1980,56
126627,1980-01-01 00:03:00,19,Florida,United States,1980,66
126628,1980-01-01 00:04:00,20,Florida,United States,1980,69
126629,1980-01-01 00:05:00,24,Florida,United States,1980,75
126630,1980-01-01 00:06:00,26,Florida,United States,1980,80
126631,1980-01-01 00:07:00,28,Florida,United States,1980,83
126632,1980-01-01 00:08:00,28,Florida,United States,1980,82
126633,1980-01-01 00:09:00,27,Florida,United States,1980,81
126634,1980-01-01 00:10:00,22,Florida,United States,1980,72
126635,1980-01-01 00:11:00,18,Florida,United States,1980,65
126636,1980-01-01 00:12:00,14,Florida,United States,1980,57
126637,1981-01-01 00:01:00,10,Florida,United States,1981,50
126638,1981-01-01 00:02:00,15,Florida,United States,1981,60
126639,1981-01-01 00:03:00,17,Florida,United States,1981,62
126640,1981-01-01 00:04:00,22,Florida,United States,1981,72
126641,1981-01-01 00:05:00,23,Florida,United States,1981,74
126642,1981-01-01 00:06:00,28,Florida,United States,1981,82
126643,1981-01-01 00:07:00,28,Florida,United States,1981,83
126644,1981-01-01 00:08:00,27,Florida,United States,1981,81
126645,1981-01-01 00:09:00,25,Florida,United States,1981,78
126646,1981-01-01 00:10:00,23,Florida,United States,1981,73
126647,1981-01-01 00:11:00,18,Florida,United States,1981,64
126648,1981-01-01 00:12:00,14,Florida,United States,1981,58
126649,1982-01-01 00:01:00,14,Florida,United States,1982,58
126650,1982-01-01 00:02:00,18,Florida,United States,1982,65
126651,1982-01-01 00:03:00,20,Florida,United States,1982,68
126652,1982-01-01 00:04:00,21,Florida,United States,1982,71
126653,1982-01-01 00:05:00,23,Florida,United States,1982,74
126654,1982-01-01 00:06:00,27,Florida,United States,1982,80
126655,1982-01-01 00:07:00,27,Florida,United States,1982,81
126656,1982-01-01 00:08:00,27,Florida,United States,1982,81
126657,1982-01-01 00:09:00,26,Florida,United States,1982,79
126658,1982-01-01 00:10:00,22,Florida,United States,1982,73
126659,1982-01-01 00:11:00,20,Florida,United States,1982,69
126660,1982-01-01 00:12:00,18,Florida,United States,1982,65
126661,1983-01-01 00:01:00,13,Florida,United States,1983,56
126662,1983-01-01 00:02:00,15,Florida,United States,1983,59
126663,1983-01-01 00:03:00,16,Florida,United States,1983,62
126664,1983-01-01 00:04:00,19,Florida,United States,1983,66
126665,1983-01-01 00:05:00,23,Florida,United States,1983,75
126666,1983-01-01 00:06:00,26,Florida,United States,1983,79
126667,1983-01-01 00:07:00,28,Florida,United States,1983,82
126668,1983-01-01 00:08:00,28,Florida,United States,1983,82
126669,1983-01-01 00:09:00,25,Florida,United States,1983,78
126670,1983-01-01 00:10:00,23,Florida,United States,1983,74
126671,1983-01-01 00:11:00,18,Florida,United States,1983,65
126672,1983-01-01 00:12:00,15,Florida,United States,1983,60
126673,1984-01-01 00:01:00,13,Florida,United States,1984,56
126674,1984-01-01 00:02:00,16,Florida,United States,1984,60
126675,1984-01-01 00:03:00,17,Florida,United States,1984,64
126676,1984-01-01 00:04:00,20,Florida,United States,1984,68
126677,1984-01-01 00:05:00,24,Florida,United States,1984,75
126678,1984-01-01 00:06:00,26,Florida,United States,1984,78
126679,1984-01-01 00:07:00,26,Florida,United States,1984,80
126680,1984-01-01 00:08:00,27,Florida,United States,1984,81
126681,1984-01-01 00:09:00,25,Florida,United States,1984,78
126682,1984-01-01 00:10:00,23,Florida,United States,1984,75
126683,1984-01-01 00:11:00,18,Florida,United States,1984,64
126684,1984-01-01 00:12:00,18,Florida,United States,1984,65
126685,1985-01-01 00:01:00,12,Florida,United States,1985,54
126686,1985-01-01 00:02:00,16,Florida,United States,1985,61
126687,1985-01-01 00:03:00,19,Florida,United States,1985,67
126688,1985-01-01 00:04:00,21,Florida,United States,1985,69
126689,1985-01-01 00:05:00,24,Florida,United States,1985,76
126690,1985-01-01 00:06:00,27,Florida,United States,1985,81
126691,1985-01-01 00:07:00,27,Florida,United States,1985,80
126692,1985-01-01 00:08:00,27,Florida,United States,1985,81
126693,1985-01-01 00:09:00,26,Florida,United States,1985,79
126694,1985-01-01 00:10:00,25,Florida,United States,1985,77
126695,1985-01-01 00:11:00,22,Florida,United States,1985,72
126696,1985-01-01 00:12:00,14,Florida,United States,1985,57
126697,1986-01-01 00:01:00,14,Florida,United States,1986,57
126698,1986-01-01 00:02:00,17,Florida,United States,1986,63
126699,1986-01-01 00:03:00,18,Florida,United States,1986,64
126700,1986-01-01 00:04:00,20,Florida,United States,1986,68
126701,1986-01-01 00:05:00,24,Florida,United States,1986,75
126702,1986-01-01 00:06:00,27,Florida,United States,1986,80
126703,1986-01-01 00:07:00,28,Florida,United States,1986,82
126704,1986-01-01 00:08:00,27,Florida,United States,1986,81
126705,1986-01-01 00:09:00,27,Florida,United States,1986,81
126706,1986-01-01 00:10:00,23,Florida,United States,1986,75
126707,1986-01-01 00:11:00,23,Florida,United States,1986,73
126708,1986-01-01 00:12:00,17,Florida,United States,1986,64
126709,1987-01-01 00:01:00,14,Florida,United States,1987,57
126710,1987-01-01 00:02:00,16,Florida,United States,1987,61
126711,1987-01-01 00:03:00,18,Florida,United States,1987,65
126712,1987-01-01 00:04:00,18,Florida,United States,1987,65
126713,1987-01-01 00:05:00,24,Florida,United States,1987,75
126714,1987-01-01 00:06:00,27,Florida,United States,1987,80
126715,1987-01-01 00:07:00,28,Florida,United States,1987,82
126716,1987-01-01 00:08:00,28,Florida,United States,1987,83
126717,1987-01-01 00:09:00,26,Florida,United States,1987,80
126718,1987-01-01 00:10:00,20,Florida,United States,1987,69
126719,1987-01-01 00:11:00,19,Florida,United States,1987,67
126720,1987-01-01 00:12:00,17,Florida,United States,1987,62
126721,1988-01-01 00:01:00,13,Florida,United States,1988,56
126722,1988-01-01 00:02:00,14,Florida,United States,1988,58
126723,1988-01-01 00:03:00,17,Florida,United States,1988,63
126724,1988-01-01 00:04:00,21,Florida,United States,1988,69
126725,1988-01-01 00:05:00,23,Florida,United States,1988,73
126726,1988-01-01 00:06:00,26,Florida,United States,1988,79
126727,1988-01-01 00:07:00,27,Florida,United States,1988,81
126728,1988-01-01 00:08:00,27,Florida,United States,1988,81
126729,1988-01-01 00:09:00,27,Florida,United States,1988,80
126730,1988-01-01 00:10:00,21,Florida,United States,1988,71
126731,1988-01-01 00:11:00,20,Florida,United States,1988,69
126732,1988-01-01 00:12:00,15,Florida,United States,1988,60
126733,1989-01-01 00:01:00,18,Florida,United States,1989,65
126734,1989-01-01 00:02:00,17,Florida,United States,1989,62
126735,1989-01-01 00:03:00,19,Florida,United States,1989,67
126736,1989-01-01 00:04:00,21,Florida,United States,1989,70
126737,1989-01-01 00:05:00,24,Florida,United States,1989,76
126738,1989-01-01 00:06:00,26,Florida,United States,1989,80
126739,1989-01-01 00:07:00,27,Florida,United States,1989,81
126740,1989-01-01 00:08:00,27,Florida,United States,1989,82
126741,1989-01-01 00:09:00,26,Florida,United States,1989,80
126742,1989-01-01 00:10:00,22,Florida,United States,1989,73
126743,1989-01-01 00:11:00,19,Florida,United States,1989,67
126744,1989-01-01 00:12:00,12,Florida,United States,1989,54
126745,1990-01-01 00:01:00,17,Florida,United States,1990,63
126746,1990-01-01 00:02:00,19,Florida,United States,1990,66
126747,1990-01-01 00:03:00,19,Florida,United States,1990,67
126748,1990-01-01 00:04:00,20,Florida,United States,1990,69
126749,1990-01-01 00:05:00,25,Florida,United States,1990,77
126750,1990-01-01 00:06:00,27,Florida,United States,1990,80
126751,1990-01-01 00:07:00,27,Florida,United States,1990,82
126752,1990-01-01 00:08:00,28,Florida,United States,1990,82
126753,1990-01-01 00:09:00,27,Florida,United States,1990,80
126754,1990-01-01 00:10:00,23,Florida,United States,1990,75
126755,1990-01-01 00:11:00,19,Florida,United States,1990,67
126756,1990-01-01 00:12:00,17,Florida,United States,1990,64
126757,1991-01-01 00:01:00,17,Florida,United States,1991,63
126758,1991-01-01 00:02:00,17,Florida,United States,1991,62
126759,1991-01-01 00:03:00,19,Florida,United States,1991,66
126760,1991-01-01 00:04:00,23,Florida,United States,1991,73
126761,1991-01-01 00:05:00,25,Florida,United States,1991,78
126762,1991-01-01 00:06:00,26,Florida,United States,1991,80
126763,1991-01-01 00:07:00,27,Florida,United States,1991,81
126764,1991-01-01 00:08:00,27,Florida,United States,1991,82
126765,1991-01-01 00:09:00,26,Florida,United States,1991,80
126766,1991-01-01 00:10:00,23,Florida,United States,1991,73
126767,1991-01-01 00:11:00,17,Florida,United States,1991,64
126768,1991-01-01 00:12:00,17,Florida,United States,1991,63
126769,1992-01-01 00:01:00,14,Florida,United States,1992,57
126770,1992-01-01 00:02:00,16,Florida,United States,1992,62
126771,1992-01-01 00:03:00,18,Florida,United States,1992,64
126772,1992-01-01 00:04:00,20,Florida,United States,1992,68
126773,1992-01-01 00:05:00,22,Florida,United States,1992,73
126774,1992-01-01 00:06:00,26,Florida,United States,1992,80
126775,1992-01-01 00:07:00,28,Florida,United States,1992,82
126776,1992-01-01 00:08:00,27,Florida,United States,1992,80
126777,1992-01-01 00:09:00,26,Florida,United States,1992,79
126778,1992-01-01 00:10:00,22,Florida,United States,1992,71
126779,1992-01-01 00:11:00,20,Florida,United States,1992,68
126780,1992-01-01 00:12:00,16,Florida,United States,1992,61
126781,1993-01-01 00:01:00,18,Florida,United States,1993,64
126782,1993-01-01 00:02:00,15,Florida,United States,1993,59
126783,1993-01-01 00:03:00,17,Florida,United States,1993,63
126784,1993-01-01 00:04:00,19,Florida,United States,1993,66
126785,1993-01-01 00:05:00,23,Florida,United States,1993,74
126786,1993-01-01 00:06:00,27,Florida,United States,1993,80
126787,1993-01-01 00:07:00,28,Florida,United States,1993,82
126788,1993-01-01 00:08:00,28,Florida,United States,1993,82
126789,1993-01-01 00:09:00,27,Florida,United States,1993,80
126790,1993-01-01 00:10:00,23,Florida,United States,1993,74
126791,1993-01-01 00:11:00,19,Florida,United States,1993,66
126792,1993-01-01 00:12:00,14,Florida,United States,1993,57
126793,1994-01-01 00:01:00,14,Florida,United States,1994,58
126794,1994-01-01 00:02:00,18,Florida,United States,1994,64
126795,1994-01-01 00:03:00,19,Florida,United States,1994,66
126796,1994-01-01 00:04:00,22,Florida,United States,1994,72
126797,1994-01-01 00:05:00,24,Florida,United States,1994,76
126798,1994-01-01 00:06:00,27,Florida,United States,1994,80
126799,1994-01-01 00:07:00,27,Florida,United States,1994,80
126800,1994-01-01 00:08:00,27,Florida,United States,1994,80
126801,1994-01-01 00:09:00,26,Florida,United States,1994,78
126802,1994-01-01 00:10:00,23,Florida,United States,1994,74
126803,1994-01-01 00:11:00,21,Florida,United States,1994,70
126804,1994-01-01 00:12:00,17,Florida,United States,1994,63
126805,1995-01-01 00:01:00,14,Florida,United States,1995,58
126806,1995-01-01 00:02:00,15,Florida,United States,1995,60
126807,1995-01-01 00:03:00,19,Florida,United States,1995,67
126808,1995-01-01 00:04:00,21,Florida,United States,1995,70
126809,1995-01-01 00:05:00,25,Florida,United States,1995,78
126810,1995-01-01 00:06:00,26,Florida,United States,1995,79
126811,1995-01-01 00:07:00,28,Florida,United States,1995,82
126812,1995-01-01 00:08:00,28,Florida,United States,1995,82
126813,1995-01-01 00:09:00,26,Florida,United States,1995,80
126814,1995-01-01 00:10:00,24,Florida,United States,1995,75
126815,1995-01-01 00:11:00,17,Florida,United States,1995,64
126816,1995-01-01 00:12:00,14,Florida,United States,1995,58
126817,1996-01-01 00:01:00,14,Florida,United States,1996,57
126818,1996-01-01 00:02:00,15,Florida,United States,1996,59
126819,1996-01-01 00:03:00,16,Florida,United States,1996,61
126820,1996-01-01 00:04:00,20,Florida,United States,1996,68
126821,1996-01-01 00:05:00,25,Florida,United States,1996,77
126822,1996-01-01 00:06:00,26,Florida,United States,1996,79
126823,1996-01-01 00:07:00,28,Florida,United States,1996,82
126824,1996-01-01 00:08:00,27,Florida,United States,1996,81
126825,1996-01-01 00:09:00,26,Florida,United States,1996,79
126826,1996-01-01 00:10:00,22,Florida,United States,1996,73
126827,1996-01-01 00:11:00,19,Florida,United States,1996,66
126828,1996-01-01 00:12:00,16,Florida,United States,1996,61
126829,1997-01-01 00:01:00,15,Florida,United States,1997,60
126830,1997-01-01 00:02:00,18,Florida,United States,1997,65
126831,1997-01-01 00:03:00,21,Florida,United States,1997,71
126832,1997-01-01 00:04:00,20,Florida,United States,1997,68
126833,1997-01-01 00:05:00,24,Florida,United States,1997,75
126834,1997-01-01 00:06:00,26,Florida,United States,1997,79
126835,1997-01-01 00:07:00,27,Florida,United States,1997,82
126836,1997-01-01 00:08:00,27,Florida,United States,1997,82
126837,1997-01-01 00:09:00,26,Florida,United States,1997,80
126838,1997-01-01 00:10:00,22,Florida,United States,1997,73
126839,1997-01-01 00:11:00,18,Florida,United States,1997,65
126840,1997-01-01 00:12:00,15,Florida,United States,1997,60
126841,1998-01-01 00:01:00,16,Florida,United States,1998,61
126842,1998-01-01 00:02:00,16,Florida,United States,1998,61
126843,1998-01-01 00:03:00,17,Florida,United States,1998,63
126844,1998-01-01 00:04:00,21,Florida,United States,1998,70
126845,1998-01-01 00:05:00,25,Florida,United States,1998,77
126846,1998-01-01 00:06:00,29,Florida,United States,1998,84
126847,1998-01-01 00:07:00,28,Florida,United States,1998,83
126848,1998-01-01 00:08:00,28,Florida,United States,1998,83
126849,1998-01-01 00:09:00,27,Florida,United States,1998,81
126850,1998-01-01 00:10:00,24,Florida,United States,1998,76
126851,1998-01-01 00:11:00,21,Florida,United States,1998,71
126852,1998-01-01 00:12:00,18,Florida,United States,1998,65
126853,1999-01-01 00:01:00,16,Florida,United States,1999,62
126854,1999-01-01 00:02:00,17,Florida,United States,1999,62
126855,1999-01-01 00:03:00,17,Florida,United States,1999,63
126856,1999-01-01 00:04:00,22,Florida,United States,1999,73
126857,1999-01-01 00:05:00,24,Florida,United States,1999,75
126858,1999-01-01 00:06:00,26,Florida,United States,1999,79
126859,1999-01-01 00:07:00,28,Florida,United States,1999,82
126860,1999-01-01 00:08:00,28,Florida,United States,1999,83
126861,1999-01-01 00:09:00,26,Florida,United States,1999,79
126862,1999-01-01 00:10:00,23,Florida,United States,1999,74
126863,1999-01-01 00:11:00,19,Florida,United States,1999,67
126864,1999-01-01 00:12:00,15,Florida,United States,1999,60
126865,2000-01-01 00:01:00,15,Florida,United States,2000,59
126866,2000-01-01 00:02:00,16,Florida,United States,2000,61
126867,2000-01-01 00:03:00,20,Florida,United States,2000,68
126868,2000-01-01 00:04:00,20,Florida,United States,2000,68
126869,2000-01-01 00:05:00,25,Florida,United States,2000,77
126870,2000-01-01 00:06:00,27,Florida,United States,2000,80
126871,2000-01-01 00:07:00,28,Florida,United States,2000,82
126872,2000-01-01 00:08:00,27,Florida,United States,2000,82
126873,2000-01-01 00:09:00,26,Florida,United States,2000,80
126874,2000-01-01 00:10:00,22,Florida,United States,2000,72
126875,2000-01-01 00:11:00,18,Florida,United States,2000,65
126876,2000-01-01 00:12:00,14,Florida,United States,2000,58
126877,2001-01-01 00:01:00,12,Florida,United States,2001,54
126878,2001-01-01 00:02:00,18,Florida,United States,2001,66
126879,2001-01-01 00:03:00,18,Florida,United States,2001,65
126880,2001-01-01 00:04:00,21,Florida,United States,2001,70
126881,2001-01-01 00:05:00,24,Florida,United States,2001,75
126882,2001-01-01 00:06:00,27,Florida,United States,2001,80
126883,2001-01-01 00:07:00,27,Florida,United States,2001,81
126884,2001-01-01 00:08:00,27,Florida,United States,2001,82
126885,2001-01-01 00:09:00,25,Florida,United States,2001,78
126886,2001-01-01 00:10:00,22,Florida,United States,2001,72
126887,2001-01-01 00:11:00,20,Florida,United States,2001,69
126888,2001-01-01 00:12:00,18,Florida,United States,2001,65
126889,2002-01-01 00:01:00,15,Florida,United States,2002,60
126890,2002-01-01 00:02:00,15,Florida,United States,2002,60
126891,2002-01-01 00:03:00,19,Florida,United States,2002,67
126892,2002-01-01 00:04:00,23,Florida,United States,2002,74
126893,2002-01-01 00:05:00,25,Florida,United States,2002,77
126894,2002-01-01 00:06:00,26,Florida,United States,2002,80
126895,2002-01-01 00:07:00,27,Florida,United States,2002,82
126896,2002-01-01 00:08:00,27,Florida,United States,2002,81
126897,2002-01-01 00:09:00,27,Florida,United States,2002,82
126898,2002-01-01 00:10:00,25,Florida,United States,2002,77
126899,2002-01-01 00:11:00,18,Florida,United States,2002,65
126900,2002-01-01 00:12:00,15,Florida,United States,2002,59
126901,2003-01-01 00:01:00,12,Florida,United States,2003,53
126902,2003-01-01 00:02:00,16,Florida,United States,2003,62
126903,2003-01-01 00:03:00,21,Florida,United States,2003,70
126904,2003-01-01 00:04:00,21,Florida,United States,2003,70
126905,2003-01-01 00:05:00,25,Florida,United States,2003,78
126906,2003-01-01 00:06:00,27,Florida,United States,2003,80
126907,2003-01-01 00:07:00,27,Florida,United States,2003,81
126908,2003-01-01 00:08:00,27,Florida,United States,2003,81
126909,2003-01-01 00:09:00,26,Florida,United States,2003,79
126910,2003-01-01 00:10:00,23,Florida,United States,2003,74
126911,2003-01-01 00:11:00,21,Florida,United States,2003,70
126912,2003-01-01 00:12:00,14,Florida,United States,2003,58
126913,2004-01-01 00:01:00,14,Florida,United States,2004,58
126914,2004-01-01 00:02:00,15,Florida,United States,2004,60
126915,2004-01-01 00:03:00,19,Florida,United States,2004,66
126916,2004-01-01 00:04:00,20,Florida,United States,2004,68
126917,2004-01-01 00:05:00,24,Florida,United States,2004,76
126918,2004-01-01 00:06:00,27,Florida,United States,2004,81
126919,2004-01-01 00:07:00,28,Florida,United States,2004,82
126920,2004-01-01 00:08:00,27,Florida,United States,2004,82
126921,2004-01-01 00:09:00,27,Florida,United States,2004,80
126922,2004-01-01 00:10:00,24,Florida,United States,2004,75
126923,2004-01-01 00:11:00,20,Florida,United States,2004,69
126924,2004-01-01 00:12:00,15,Florida,United States,2004,59
126925,2005-01-01 00:01:00,16,Florida,United States,2005,61
126926,2005-01-01 00:02:00,16,Florida,United States,2005,61
126927,2005-01-01 00:03:00,17,Florida,United States,2005,63
126928,2005-01-01 00:04:00,19,Florida,United States,2005,67
126929,2005-01-01 00:05:00,23,Florida,United States,2005,75
126930,2005-01-01 00:06:00,26,Florida,United States,2005,80
126931,2005-01-01 00:07:00,28,Florida,United States,2005,83
126932,2005-01-01 00:08:00,28,Florida,United States,2005,83
126933,2005-01-01 00:09:00,27,Florida,United States,2005,81
126934,2005-01-01 00:10:00,23,Florida,United States,2005,74
126935,2005-01-01 00:11:00,20,Florida,United States,2005,68
126936,2005-01-01 00:12:00,14,Florida,United States,2005,58
126937,2006-01-01 00:01:00,16,Florida,United States,2006,61
126938,2006-01-01 00:02:00,15,Florida,United States,2006,59
126939,2006-01-01 00:03:00,18,Florida,United States,2006,65
126940,2006-01-01 00:04:00,22,Florida,United States,2006,72
126941,2006-01-01 00:05:00,24,Florida,United States,2006,76
126942,2006-01-01 00:06:00,27,Florida,United States,2006,80
126943,2006-01-01 00:07:00,28,Florida,United States,2006,82
126944,2006-01-01 00:08:00,28,Florida,United States,2006,83
126945,2006-01-01 00:09:00,26,Florida,United States,2006,80
126946,2006-01-01 00:10:00,23,Florida,United States,2006,73
126947,2006-01-01 00:11:00,18,Florida,United States,2006,65
126948,2006-01-01 00:12:00,18,Florida,United States,2006,65
126949,2007-01-01 00:01:00,16,Florida,United States,2007,62
126950,2007-01-01 00:02:00,15,Florida,United States,2007,59
126951,2007-01-01 00:03:00,19,Florida,United States,2007,67
126952,2007-01-01 00:04:00,20,Florida,United States,2007,68
126953,2007-01-01 00:05:00,24,Florida,United States,2007,75
126954,2007-01-01 00:06:00,26,Florida,United States,2007,80
126955,2007-01-01 00:07:00,28,Florida,United States,2007,82
126956,2007-01-01 00:08:00,29,Florida,United States,2007,84
126957,2007-01-01 00:09:00,27,Florida,United States,2007,81
126958,2007-01-01 00:10:00,25,Florida,United States,2007,77
126959,2007-01-01 00:11:00,19,Florida,United States,2007,66
126960,2007-01-01 00:12:00,18,Florida,United States,2007,65
126961,2008-01-01 00:01:00,15,Florida,United States,2008,59
126962,2008-01-01 00:02:00,17,Florida,United States,2008,64
126963,2008-01-01 00:03:00,18,Florida,United States,2008,65
126964,2008-01-01 00:04:00,21,Florida,United States,2008,70
126965,2008-01-01 00:05:00,24,Florida,United States,2008,76
126966,2008-01-01 00:06:00,27,Florida,United States,2008,81
126967,2008-01-01 00:07:00,27,Florida,United States,2008,81
126968,2008-01-01 00:08:00,27,Florida,United States,2008,82
126969,2008-01-01 00:09:00,27,Florida,United States,2008,80
126970,2008-01-01 00:10:00,22,Florida,United States,2008,72
126971,2008-01-01 00:11:00,17,Florida,United States,2008,63
126972,2008-01-01 00:12:00,17,Florida,United States,2008,63
126973,2009-01-01 00:01:00,14,Florida,United States,2009,58
126974,2009-01-01 00:02:00,14,Florida,United States,2009,58
126975,2009-01-01 00:03:00,18,Florida,United States,2009,66
126976,2009-01-01 00:04:00,21,Florida,United States,2009,70
126977,2009-01-01 00:05:00,24,Florida,United States,2009,76
126978,2009-01-01 00:06:00,27,Florida,United States,2009,82
126979,2009-01-01 00:07:00,27,Florida,United States,2009,82
126980,2009-01-01 00:08:00,28,Florida,United States,2009,82
126981,2009-01-01 00:09:00,27,Florida,United States,2009,81
126982,2009-01-01 00:10:00,24,Florida,United States,2009,76
126983,2009-01-01 00:11:00,19,Florida,United States,2009,67
126984,2009-01-01 00:12:00,16,Florida,United States,2009,62
126985,2010-01-01 00:01:00,12,Florida,United States,2010,53
126986,2010-01-01 00:02:00,12,Florida,United States,2010,54
126987,2010-01-01 00:03:00,15,Florida,United States,2010,60
126988,2010-01-01 00:04:00,21,Florida,United States,2010,70
126989,2010-01-01 00:05:00,26,Florida,United States,2010,78
126990,2010-01-01 00:06:00,28,Florida,United States,2010,83
126991,2010-01-01 00:07:00,28,Florida,United States,2010,83
126992,2010-01-01 00:08:00,28,Florida,United States,2010,84
126993,2010-01-01 00:09:00,27,Florida,United States,2010,81
126994,2010-01-01 00:10:00,23,Florida,United States,2010,73
126995,2010-01-01 00:11:00,19,Florida,United States,2010,66
126996,2010-01-01 00:12:00,11,Florida,United States,2010,52
126997,2011-01-01 00:01:00,13,Florida,United States,2011,56
126998,2011-01-01 00:02:00,17,Florida,United States,2011,62
126999,2011-01-01 00:03:00,19,Florida,United States,2011,67
127000,2011-01-01 00:04:00,23,Florida,United States,2011,73
127001,2011-01-01 00:05:00,24,Florida,United States,2011,76
127002,2011-01-01 00:06:00,27,Florida,United States,2011,82
127003,2011-01-01 00:07:00,28,Florida,United States,2011,83
127004,2011-01-01 00:08:00,29,Florida,United States,2011,84
127005,2011-01-01 00:09:00,27,Florida,United States,2011,80
127006,2011-01-01 00:10:00,22,Florida,United States,2011,71
127007,2011-01-01 00:11:00,20,Florida,United States,2011,68
127008,2011-01-01 00:12:00,18,Florida,United States,2011,64
127009,2012-01-01 00:01:00,16,Florida,United States,2012,60
127010,2012-01-01 00:02:00,18,Florida,United States,2012,65
127011,2012-01-01 00:03:00,21,Florida,United States,2012,71
127012,2012-01-01 00:04:00,22,Florida,United States,2012,71
127013,2012-01-01 00:05:00,25,Florida,United States,2012,77
127014,2012-01-01 00:06:00,26,Florida,United States,2012,79
127015,2012-01-01 00:07:00,28,Florida,United States,2012,82
127016,2012-01-01 00:08:00,27,Florida,United States,2012,82
127017,2012-01-01 00:09:00,26,Florida,United States,2012,80
127018,2012-01-01 00:10:00,23,Florida,United States,2012,74
127019,2012-01-01 00:11:00,17,Florida,United States,2012,63
127020,2012-01-01 00:12:00,17,Florida,United States,2012,63
127021,2013-01-01 00:01:00,18,Florida,United States,2013,65
127022,2013-01-01 00:02:00,17,Florida,United States,2013,62
127023,2013-01-01 00:03:00,15,Florida,United States,2013,59
127024,2013-01-01 00:04:00,22,Florida,United States,2013,71
127025,2013-01-01 00:05:00,23,Florida,United States,2013,74
127026,2013-01-01 00:06:00,27,Florida,United States,2013,81
127027,2013-01-01 00:07:00,27,Florida,United States,2013,81
127028,2013-01-01 00:08:00,28,Florida,United States,2013,82
127029,2013-01-01 00:09:00,27,Florida,United States,2013,81
